SET SQL_MODE = "NO_AUTO_VALUE_ON_ZERO";
SET AUTOCOMMIT = 0;
START TRANSACTION;
SET time_zone = "+00:00";

CREATE TABLE `migrations` (
  `id` int(10) UNSIGNED NOT NULL,
  `migration` varchar(255) COLLATE utf8mb4_unicode_ci NOT NULL,
  `batch` int(11) NOT NULL
) ENGINE=InnoDB DEFAULT CHARSET=utf8mb4 COLLATE=utf8mb4_unicode_ci;

INSERT INTO `migrations` (`id`, `migration`, `batch`) VALUES
(1, '2014_10_12_000000_create_users_table', 1),
(2, '2014_10_12_100000_create_password_resets_table', 1);

CREATE TABLE `password_resets` (
  `email` varchar(191) COLLATE utf8mb4_unicode_ci NOT NULL,
  `token` varchar(191) COLLATE utf8mb4_unicode_ci NOT NULL,
  `created_at` timestamp NULL DEFAULT NULL
) ENGINE=InnoDB DEFAULT CHARSET=utf8mb4 COLLATE=utf8mb4_unicode_ci;

CREATE TABLE `users` (
  `id` int(10) UNSIGNED NOT NULL,
  `name` varchar(191) COLLATE utf8mb4_unicode_ci NOT NULL,
  `email` varchar(191) COLLATE utf8mb4_unicode_ci NOT NULL,
  `password` varchar(191) COLLATE utf8mb4_unicode_ci NOT NULL,
  `status` varchar(5) NOT NULL DEFAULT 'no',
  `userType` varchar(20) DEFAULT NULL,
  `avatar` varchar(255) DEFAULT 'default.jpg',
  `remember_token` varchar(100) COLLATE utf8mb4_unicode_ci DEFAULT NULL,
  `created_at` timestamp NULL DEFAULT NULL,
  `updated_at` timestamp NULL DEFAULT NULL
) ENGINE=InnoDB DEFAULT CHARSET=utf8mb4 COLLATE=utf8mb4_unicode_ci;

INSERT INTO `users` (`id`, `name`, `email`, `password`, `status`, `userType`, `avatar`, `remember_token`, `created_at`, `updated_at`) VALUES
(1, 'Kumanan', 'doctor@gmail.com', '$2y$10$2tagz5OobtE/lOY5qkhZBuWK1xdM.hDiknTu2zCt4wRi9act4gDxi', 'yes', 'Doctor', '1540277098.jpg', '', '', ''),
(2, 'Ghetheeswaran', 'ghethees@gmail.com', '$2y$12$7RD1ZpFg/knWsLjFp2KDR.8iWKCVnk5b8PTm/06GvfT6h/vatdGfu', 'no', 'Doctor', 'default.jpg', '', '', ''),
(3, 'Raveendran', 'moh@gmail.com', '$2y$10$Qt/.iVh8EBP02e5BB/aloOO5EuOao3lkF4Fkb.3tPET7vGWMxMlqG', 'yes', 'MOH', '1540277005.jpg', '', '', ''),
(4, 'Balendran', 'balen@gmail.com', '$2y$12$dYmkxG.mARGnWjyy8vSyyO6eug3tCq7eEe.YtRYKwfxlbiNqueitC', 'no', 'MOH', 'default.jpg', '', '', ''),
(5, 'Shama', 'phi@gmail.com', '$2y$10$pAwCe0evyICnxz9HBaIiAe4v2DcQYUBsg0idVmxmLvJorKveZrEOS', 'yes', 'PHI', '1540277331.png', '', '', ''),
(7, 'Haran', 'haran@gmail.com', '$2y$12$3fnMD9/k4s9p1AmfHxRZvuMTTF6q.kU5CSrIcPjMXRFoyxlWC8JX.', 'no', 'PHI', 'default.jpg', '', '', ''),
(8, 'Naven', 'rdhs@gmail.com', '$2y$10$lViSisuAKCHGKvyXpiCFJOIqfzldvUbe2tn/HVuRCSMgZyHkin76q', 'yes', 'RDHS', '1540277198.jpg', '', '', ''),
(9, 'Suren', 'suren@gmail.com', '$2y$12$yVweuA4ocGzMxg3nfF2jgOuYOL2IGPRPnp6YqHP07ph13LtIO4pPu', 'no', 'RDHS', 'default.jpg', '', '', ''),
(10, 'Pavan', 'eu@gmail.com', '$2y$10$nvTBeKN3yIdq1iEyUrYAAeg8xH8quHWzE2o6i5c3P7tpVV1hMTFOK', 'yes', 'EU', '1540277577.png', '', '', ''),
(11, 'Sri', 'sri@gmail.com', '$2y$12$yzlEK1Dv9apR1wVvEBj/7OQOYfdhP0v/cK7WcYGBNlFxjBhvpTXFi', 'no', 'EU', 'default.jpg', '', '', ''),
(12, 'Peranantharajah', 'peranantharajah@gmail.com', '$2y$10$ebIfQDmd1.yUexj/MpugUuV7LOGsknyxtpKyIubmnQczBSSQ128wq', 'yes', 'Doctor', '1540277714.jpg', '', '', ''),
(13, 'Sivansuthan', 'suthan@gmail.com', '$2y$10$ozBAtnAgWybMYDGaI6izX.P2Z5Km6FlYdB05IhzVR5cP3vVt9pif6', 'no', 'Doctor', 'default.jpg', '', '', '');

ALTER TABLE `migrations`
  ADD PRIMARY KEY (`id`);

ALTER TABLE `password_resets`
  ADD KEY `password_resets_email_index` (`email`);

ALTER TABLE `users`
  ADD PRIMARY KEY (`id`),
  ADD UNIQUE KEY `users_email_unique` (`email`);

ALTER TABLE `migrations`
  MODIFY `id` int(10) UNSIGNED NOT NULL AUTO_INCREMENT, AUTO_INCREMENT=3;

ALTER TABLE `users`
  MODIFY `id` int(10) UNSIGNED NOT NULL AUTO_INCREMENT, AUTO_INCREMENT=2;
COMMIT;

CREATE TABLE `institutes` (
  `insName` varchar(35) NOT NULL,
  `insType` text NOT NULL,
  `addLine1` text NOT NULL,
  `addLine2` text,
  `province` text NOT NULL,
  `district` text NOT NULL,
  `gsDiv` text NOT NULL,
  `mohArea` text NOT NULL,
  `created_at` timestamp NULL DEFAULT NULL,
  `updated_at` timestamp NULL DEFAULT NULL,
  PRIMARY KEY (`insName`)
) ENGINE=InnoDB DEFAULT CHARSET=latin1;

INSERT INTO `institutes` (`insName`, `insType`, `addLine1`, `addLine2`, `province`, `district`, `gsDiv`, `mohArea`) VALUES
('Care and Cure', 'Private', '', NULL, '', '', '', ''),
('Dental Surgery', 'Private', '', NULL, '', '', '', ''),
('Divisional Hospital', 'Private', '', NULL, '', '', '', ''),
('Jaffna Teaching Hospital', 'Government', 'aaaaa', 'qqqqqq', 'rrrrr', 'dddddd', 'sed234', 'ghjiuu'),
('Life Care Medi Cilinic', 'Private', '', NULL, '', '', '', ''),
('Mangalapathy Siddha Ayurvedic', 'Private', '', NULL, '', '', '', ''),
('Modern New Medi Care Hospital', 'Private', '', NULL, '', '', '', ''),
('Nagaa Medical Centre', 'Private', '', NULL, '', '', '', ''),
('New Yarl Hospital', 'Private', '', NULL, '', '', '', ''),
('Northern Central Hospitals', 'Private\r\n', '', NULL, '', '', '', ''),
('Pillaiyar Medi Clinic', 'Private', '', NULL, '', '', '', ''),
('Rakavo Hospital', 'Private', '', NULL, '', '', '', ''),
('Renny Dental and Optical Service', 'Private', '', NULL, '', '', '', ''),
('Royal Medical Centre', 'Private', '', NULL, '', '', '', ''),
('Ruhlins Hospital', 'Private', '', NULL, '', '', '', ''),
('Sampanthar Modern Clinic', 'Private', '', NULL, '', '', '', ''),
('Shan''s Health Care', 'Private', '', NULL, '', '', '', ''),
('Shanthe Medi Clinic', 'Private', '', NULL, '', '', '', ''),
('Suharni Hospital', 'Private', '', NULL, '', '', '', ''),
('Sujeeva Hospital', 'Private', '', NULL, '', '', '', ''),
('Sunrise Medi Clinic', 'Private', '', NULL, '', '', '', '');

CREATE TABLE `pHIInMOHs` (
  `pHIRange` varchar(40) NOT NULL,
  `mOHArea` text NOT NULL,
  PRIMARY KEY (`pHIRange`)
) ENGINE=InnoDB DEFAULT CHARSET=latin1;

INSERT INTO `pHIInMOHs` (`pHIRange`, `mOHArea`) VALUES
('Arali', 'Chankanai'),
('Chankanai', 'Chankanai'),
('Chulipuram', 'Chankanai'),
('Moolai', 'Chankanai'),
('Sithankeny', 'Chankanai'),
('Vaddukoddai', 'Chankanai'),
('Eluthumadduval', 'Chavakachcheri'),
('Kaithady', 'Chavakachcheri'),
('Kodikamam', 'Chavakachcheri'),
('Madduvil', 'Chavakachcheri'),
('Manthuvil', 'Chavakachcheri'),
('Meesalai', 'Chavakachcheri'),
('Navatkuli', 'Chavakachcheri'),
('Sarasalai', 'Chavakachcheri'),
('UCI', 'Chavakachcheri'),
('UCII', 'Chavakachcheri'),
('Varani', 'Chavakachcheri'),
('Ariyalai', 'Jaffna'),
('Bazaar I', 'Jaffna'),
('Bazaar II', 'Jaffna'),
('Columbuthurai', 'Jaffna'),
('Gurunagar I', 'Jaffna'),
('Gurunagar II', 'Jaffna'),
('Vannar Pannai', 'Jaffna'),
('Alvai II', 'Karaveddy'),
('Karanavai', 'Karaveddy'),
('Nelliyady', 'Karaveddy'),
('Thunnalai', 'Karaveddy'),
('Udupiddy', 'Karaveddy'),
('Allaipiddy', 'Kayts'),
('Delft', 'Kayts'),
('Karainagar', 'Kayts'),
('Kayts', 'Kayts'),
('Nainathivu', 'Kayts'),
('Punguduthivu', 'Kayts'),
('Velanai', 'Kayts'),
('Atchuvely I', 'Kopay'),
('Atchuvely II', 'Kopay'),
('Irupalai', 'Kopay'),
('Kopay', 'Kopay'),
('Puttur', 'Kopay'),
('Siruppiddy', 'Kopay'),
('Urumpirai', 'Kopay'),
('Kokuvil I', 'Nallur'),
('Kokuvil II', 'Nallur'),
('Kondavil', 'Nallur'),
('Nallur', 'Nallur'),
('Ampan', 'Point Pedro'),
('Chempiyanpattu', 'Point Pedro'),
('Point Pedro I', 'Point Pedro'),
('Point Pedro II', 'Point Pedro'),
('Puloly', 'Point Pedro'),
('Thondaimanaru', 'Point Pedro'),
('Uduthurai', 'Point Pedro'),
('Valvettithurai', 'Point Pedro'),
('Anaikkodai', 'Sandilipay'),
('Ilavalai', 'Sandilipay'),
('Manipay', 'Sandilipay'),
('Navaly', 'Sandilipay'),
('Pandertharrippu', 'Sandilipay'),
('Sandilipay', 'Sandilipay'),
('Suthumalai', 'Sandilipay'),
('Alaveddy', 'Tellippalai'),
('Mallakam', 'Tellippalai'),
('Tellippalai', 'Tellippalai'),
('Chunakam I', 'Uduvil'),
('Chunakam II', 'Uduvil'),
('Erlalai', 'Uduvil'),
('Inuvil', 'Uduvil'),
('Punnalaikadduvan', 'Uduvil'),
('Uduvil', 'Uduvil');

CREATE TABLE `doctors` (
  `userId` int(10) UNSIGNED NOT NULL,
  `firstName` text NOT NULL,
  `lastName` text NOT NULL,
  `gender` text NOT NULL,
  `doctorRegNo` varchar(10) NOT NULL,
  `designation` text NOT NULL,
  `addLine1` text NOT NULL,
  `addLine2` text,
  `province` text NOT NULL,
  `district` text NOT NULL,
  `contactNoOffice` text NOT NULL,
  `contactNoMobile` text NOT NULL,
  `hospital1` text NOT NULL,
  `hospital2` text,
  `hospital3` text,
  `hospital4` text,
  `hospital5` text,
  `otherHospital` text,
  `created_at` timestamp NULL DEFAULT NULL,
  `updated_at` timestamp NULL DEFAULT NULL,
  PRIMARY KEY (`doctorRegNo`),
  CONSTRAINT doctor_user_id FOREIGN KEY (userId) REFERENCES users(id) ON UPDATE CASCADE
) ENGINE=InnoDB DEFAULT CHARSET=latin1;

INSERT INTO `doctors` (`userId`, `firstName`, `lastName`, `gender`, `doctorRegNo`, `designation`, `addLine1`, `addLine2`, `province`, `district`, `contactNoOffice`, `contactNoMobile`, `hospital1`, `hospital2`, `hospital3`, `hospital4`, `hospital5`, `otherHospital`) VALUES
(1, 'Thirunavukarasu', 'Kumanan', 'Male', 'JDR101', 'Consultant Physician', '127/7 A', 'Temple Rd', 'Northern', 'Jaffna', ' 0212228129', '', 'Jaffna Teaching Hospital', 'Northern Central Hospitals', '', '', '', ''),
(12, 'T', 'Peranantharajah', 'Male', 'JDR102', 'Physician', '12 A', 'Palai Rd', 'Northern', 'Jaffna', '', '077 111 1111', 'Jaffna Teaching Hospital', 'Suharni Hospital', '', '', '', '');

CREATE TABLE `eUs` (
  `userId` int(10) UNSIGNED NOT NULL,
  `firstName` text NOT NULL,
  `lastName` text NOT NULL,
  `gender` text NOT NULL,
  `eUDiv` varchar(10) NOT NULL,
  `addLine1` text NOT NULL,
  `addLine2` text,
  `district` text NOT NULL,
  `province` text NOT NULL,
  `contactNoOffice` text NOT NULL,
  `contactNoMobile` text NOT NULL,
  `insName` varchar(35) NOT NULL,
  `created_at` timestamp NULL DEFAULT NULL,
  `updated_at` timestamp NULL DEFAULT NULL, 
  PRIMARY KEY (`eUDiv`),
  CONSTRAINT eu_user_id FOREIGN KEY (userId) REFERENCES users(id) ON UPDATE CASCADE
) ENGINE=InnoDB DEFAULT CHARSET=latin1;

INSERT INTO `eUs` (`userId`, `firstName`, `lastName`, `gender`, `eUDiv`, `addLine1`, `addLine2`, `district`, `province`, `contactNoOffice`, `contactNoMobile`, `insName`, `created_at`, `updated_at`) VALUES
(10, 'Ram', 'Pavan', 'Male', 'JEU101', '45, Palam Rd', 'Kandarmadam', 'Jaffna', 'Northern', '', '0777161561', 'Jaffna Teaching Hospital', '', '');

CREATE TABLE `mOHs` (
  `userId` int(10) UNSIGNED NOT NULL,
  `insName` varchar(35) NOT NULL,
  `firstName` text NOT NULL,
  `lastName` text NOT NULL,
  `gender` text NOT NULL,
  `mOHRegNo` varchar(10) NOT NULL,
  `mOHArea` text NOT NULL,
  `addLine1` text NOT NULL,
  `addLine2` text,
  `province` text NOT NULL,
  `district` text NOT NULL,
  `contactNoOffice` text NOT NULL,
  `contactNoMobile` text NOT NULL,
  `created_at` timestamp NULL DEFAULT NULL,
  `updated_at` timestamp NULL DEFAULT NULL,
  PRIMARY KEY (`mOHRegNo`),
  CONSTRAINT moh_user_id FOREIGN KEY (userId) REFERENCES users(id) ON UPDATE CASCADE
) ENGINE=InnoDB DEFAULT CHARSET=latin1;

INSERT INTO `mOHs` (`userId`, `insName`, `firstName`, `lastName`, `gender`, `mOHRegNo`, `mOHArea`, `addLine1`, `addLine2`, `province`, `district`, `contactNoOffice`, `contactNoMobile`) VALUES
(3, 'Jaffna Teaching Hospital', 'Aravinthan',  'Raveenran', 'Male', 'JMOH101', 'Jaffna', '17/8', 'Brown Rd', 'Northern', 'Jaffna', '0212342346', '');

CREATE TABLE `pHIs` (
  `userId` int(10) UNSIGNED NOT NULL,
  `insName` varchar(35) NOT NULL,
  `firstName` text NOT NULL,
  `lastName` text NOT NULL,
  `gender` text NOT NULL,
  `pHIRegNo` varchar(10) NOT NULL,
  `pHIRange` text NOT NULL,
  `addLine1` text NOT NULL,
  `addLine2` text,
  `province` text NOT NULL,
  `district` text NOT NULL,
  `contactNoOffice` text NOT NULL,
  `contactNoMobile` text NOT NULL,
  `created_at` timestamp NULL DEFAULT NULL,
  `updated_at` timestamp NULL DEFAULT NULL,
  PRIMARY KEY (`pHIRegNo`),
  CONSTRAINT phi_user_id FOREIGN KEY (userId) REFERENCES users(id) ON UPDATE CASCADE
) ENGINE=InnoDB DEFAULT CHARSET=latin1;

INSERT INTO `pHIs` (`userId`, `insName`, `firstName`, `lastName`, `gender`, `pHIRegNo`, `pHIRange`, `addLine1`, `addLine2`, `province`, `district`, `contactNoOffice`, `contactNoMobile`) VALUES
(5, 'Jaffna Teaching Hospital', 'Sam', 'Shama', 'Female', 'JPHI101', 'Nallur', '2 Udhaya Vasa', 'Browm Rd', 'Northern', 'Jaffna', '7868473645', '021 2227272');

CREATE TABLE `rDHSes` (
  `userId` int(10) UNSIGNED NOT NULL,
  `insName` varchar(35) NOT NULL,
  `firstName` text NOT NULL,
  `lastName` text NOT NULL,
  `gender` text NOT NULL,
  `rDHSDiv` varchar(10) NOT NULL,
  `addLine1` text NOT NULL,
  `addLine2` text,
  `province` text NOT NULL,
  `district` text NOT NULL,
  `contactNoOffice` text NOT NULL,
  `contactNoMobile` text NOT NULL,
  `created_at` timestamp NULL DEFAULT NULL,
  `updated_at` timestamp NULL DEFAULT NULL,
  PRIMARY KEY (`rDHSDiv`),
  CONSTRAINT rdhs_user_id FOREIGN KEY (userId) REFERENCES users(id) ON UPDATE CASCADE
) ENGINE=InnoDB DEFAULT CHARSET=latin1;

INSERT INTO `rDHSes` (`userId`, `insName`, `firstName`, `lastName`, `gender`, `rDHSDiv`, `addLine1`, `addLine2`, `province`, `district`, `contactNoOffice`, `contactNoMobile`) VALUES
(8, 'Jaffna Teaching Hospital', 'Maran ', 'Naven', 'Male', 'JRDHS101', '34/2', 'Sivan Rd', 'Northern', 'Jaffna', '0753415267', '0212216356');

CREATE TABLE `patients` (
  `paId` int(11) NOT NULL AUTO_INCREMENT,
  `userId` int(10) UNSIGNED NOT NULL,
  `institute` varchar(35) NOT NULL,
  `insName` varchar(35) NOT NULL,
  `firstName` text NOT NULL,
  `lastName` text NOT NULL,
  `nickName` text,
  `nICNum` text NOT NULL,
  `gender` text NOT NULL,
  `birthDate` date DEFAULT NULL,
  `birthYear` int(4) DEFAULT NULL,
  `age` int(3) NOT NULL,
  `nextOfKinFirstName` text,
  `nextOfKinLastName` text,
  `childGuardian` text,
  `childGuardianFirstName` text,
  `childGuardianLastName` text,
  `ethnicGroup` text,
  `resAddLine1` text NOT NULL,
  `resAddLine2` text,
  `resGSDivName` text,
  `resGSDiv` text,
  `resDSDiv` text,
  `resDistrict` text NOT NULL,
  `resProvince` text NOT NULL,  
  `resMOHArea` text NOT NULL,
  `resPHIRange` text NOT NULL,
  `resLandmark` text NOT NULL,
  `sameAddress` text,
  `curAddLine1` text NOT NULL,
  `curAddLine2` text,
  `curGSDivName` text,
  `curGSDiv` text,
  `curDSDiv` text,
  `curDistrict` text NOT NULL,
  `curProvince` text NOT NULL,  
  `curMOHArea` text NOT NULL,
  `curPHIRange` text NOT NULL,
  `curLandmark` text NOT NULL,
  `contactNoMobile` text NOT NULL,
  `contactNoHome` text NOT NULL,
  `visitArea` text,
  `created_at` timestamp NULL DEFAULT NULL,
  `updated_at` timestamp NULL DEFAULT NULL,
  PRIMARY KEY (`paId`),
  CONSTRAINT pa_user_id FOREIGN KEY (userId) REFERENCES users(id) ON UPDATE CASCADE
) ENGINE=InnoDB DEFAULT CHARSET=latin1;

INSERT INTO `patients` (`paId`, `userId`, `institute`, `insName`, `firstName`, `lastName`, `nickName`, `nICNum`, `gender`, `birthDate`, `birthYear`, `age`, `nextOfKinFirstName`, `nextOfKinLastName`, `childGuardian`, `childGuardianFirstName`, `childGuardianLastName`, `ethnicGroup`, `resAddLine1`, `resAddLine2`, `resGSDivName`, `resGSDiv`, `resDSDiv`, `resDistrict`, `resProvince`, `resMOHArea`, `resPHIRange`, `resLandmark`, `sameAddress`, `curAddLine1`, `curAddLine2`, `curGSDivName`, `curGSDiv`, `curDSDiv`, `curDistrict`, `curProvince`, `curMOHArea`, `curPHIRange`, `curLandmark`, `contactNoMobile`, `contactNoHome`, `visitArea`, `created_at`, `updated_at`) VALUES
(1, 1, 'Private', 'Nagaa Medical Centre', 'Singh', 'Mahi', '', '851382783V', 'Male', '0000-00-00', 2000, 18, 'Priyanka', 'Dhoni', '', '', '', '', '23 Navalar Road', '', 'Gurunagar West', 'J/71', 'Jaffna', 'Jaffna', 'Northern', 'Kopay', 'Puttur', 'Infront of Navalar Cultural Hall', 'yes', '23 Navalar Road', '', 'Gurunagar West', 'J/71', 'Jaffna', 'Jaffna', 'Northern', 'Kopay', 'Puttur', 'Infront of Navalar Cultural Hall', '0771546238', '0212219947', '', NULL, NULL),
(2, 12, 'Private', 'Renny Dental and Optical Service', 'Dhoni', 'Rajendran', '', '878382783V', 'Male', '2014-01-16', 0, 3, 'Priyanka', 'Dhoni', '', '', '', '', '23 Navalar Road', '', 'Fort', 'J/81', 'Jaffna', 'Jaffna', 'Northern', 'Nallur', 'Nallur', 'Infront of Navalar Cultural Hall', 'yes', '23 Navalar Road', '', 'Fort', 'J/81', 'Jaffna', 'Jaffna', 'Northern', 'Nallur', 'Nallur', 'Infront of Navalar Cultural Hall', '0764851289', '0212219947', '', NULL, NULL),
(3, 1, 'Private', 'Nagaa Medical Centre', 'Shadshi', 'Sai', 'Shan', '845468783V', 'Female', '2015-01-06', 0, 2, '', '', 'Mother', 'Shan', 'Sri', '', '67, Palam Road', 'Kandarmadam', 'Nallur North', 'J/106', 'Nallur', 'Jaffna', 'Northern', 'Jaffna', 'Bazaar I', 'Infront of Navalar Cultural Hall', 'no', '67, Palam Road', '', 'Kodday', 'J/83', 'Jaffna', 'Jaffna', 'Northern', 'Kayts', 'Velanai', 'Infront of Navalar Cultural Hall', '0771771134', '0212221546', '', NULL, NULL),
(4, 1, 'Government', 'Jaffna Teaching Hospital', 'Asha', 'Sam', NULL, '200465675675', 'Female', '2010-11-08', NULL, 8, NULL, NULL, 'Mother', 'Thana', 'Siththath', NULL, '3 Vembadi Road', NULL, 'Colompuththurai East', 'J/62', 'Jaffna', 'Jaffna', 'Northern', 'Point Pedro', 'Thondaimanaru', 'School', NULL, '4 Rakka Road', NULL, 'Gurunagar West', 'J/71', 'Jaffna', 'Jaffna', 'Northern', 'Tellippalai', 'Mallakam', 'Library', '0777152436', '0212214551', NULL, '2018-11-27 01:30:54', '2018-11-27 01:30:54');

CREATE TABLE `notifications` (
  `id` int(11) NOT NULL AUTO_INCREMENT,
  `userId` int(10) UNSIGNED NOT NULL,
  `paId` int(11) NOT NULL,
  `status` varchar(10) NOT NULL,
  `institute` varchar(35) NOT NULL,
  `insName` varchar(35) NOT NULL,
  `diseaseGroup` text NOT NULL,
  `diseaseName` text NOT NULL,
  `onsetDate` date NOT NULL,
  `admissionDate` date NOT NULL,
  `regOrBHTNo` varchar(20) NOT NULL,
  `ward` text,
  `labResults` text NOT NULL,
  `ns1` text,
  `igm` text,
  `igg` text,
  `designation` text NOT NULL,
  `created_at` timestamp NULL DEFAULT NULL,
  `updated_at` timestamp NULL DEFAULT NULL,
  PRIMARY KEY (`id`),
  UNIQUE KEY `noti_regOrBHTNo_unique` (`regOrBHTNo`),
  CONSTRAINT noti_user_id FOREIGN KEY (userId) REFERENCES users(id) ON UPDATE CASCADE,
  CONSTRAINT noti_pa_id FOREIGN KEY (paId) REFERENCES patients(paId) ON UPDATE CASCADE
) ENGINE=InnoDB DEFAULT CHARSET=latin1 AUTO_INCREMENT=1 ;

INSERT INTO `notifications` (`id`, `userId`, `paId`, `status`, `institute`, `insName`, `diseaseGroup`, `diseaseName`, `onsetDate`, `admissionDate`, `regOrBHTNo`, `ward`, `labResults`, `ns1`, `igm`, `igg`, `designation`) VALUES
(1, 1, 1, 'draft', 'Private', 'Nagaa Medical Centre', 'Group A', 'Plague', '2017-01-03', '2017-01-13', 'BHT23', '', 'yes', 'positive', '', 'negative', 'General Physician'),
(2, 1, 2, 'sent', 'Private', 'Renny Dental and Optical Service', 'Group B', 'Severe Acute Respiratory Syndrome (SARS)', '2017-01-02', '2017-01-12', 'JTH70084', '14', 'no', '', '', '', 'Physician'),
(3, 1, 3, 'sent', 'Private', 'Nagaa Medical Centre', 'Group A', 'Plague', '2015-01-13', '2015-01-14', 'BHT10', '', 'yes', 'positive', 'negative', '', 'Consultant Physician'),
(4, 1, 4, 'draft', 'Government', 'Jaffna Teaching Hospital', 'Group B', 'Dengue Fever/ Dengue Haemorragic Fever', '2018-11-07', '2018-11-14', 'BHT11', NULL, 'yes', NULL, NULL, 'positive', 'Consultant Physician');

CREATE TABLE `h411as` (
  `h411aRecordId` int(11) NOT NULL AUTO_INCREMENT,
  `rDHSDiv` varchar(10) NOT NULL,
  `mOHArea` text NOT NULL,
  `mOHRegNo` varchar(10) NOT NULL,
  `status` varchar(10) NOT NULL,
  `notifiedDisease` text NOT NULL,
  `notificationDate` date NOT NULL,
  `confirmedDisease` text NOT NULL,
  `confirmationDate` date NOT NULL,
  `birthDate` date DEFAULT NULL,
  `birthYear` int(4) DEFAULT NULL,
  `age` int(3) NOT NULL,
  `gender` text NOT NULL,
  `confirmedBy` text NOT NULL,
  `occupation` text NOT NULL,
  `sourceOfNotify` text NOT NULL,
  `natureOfConf` text NOT NULL,
  `officeUseOnly` text DEFAULT NULL,
  `specify` text,
  `created_at` timestamp NULL DEFAULT NULL,
  `updated_at` timestamp NULL DEFAULT NULL,
  PRIMARY KEY (`h411aRecordId`),
  CONSTRAINT h411a_moh_reg_no FOREIGN KEY (mOHRegNo) REFERENCES mOHs(mOHRegNo) ON UPDATE CASCADE
) ENGINE=InnoDB DEFAULT CHARSET=latin1;

INSERT INTO `h411as` (`h411aRecordId`, `rDHSDiv`, `mOHArea`, `mOHRegNo`, `status`, `notifiedDisease`, `notificationDate`, `confirmedDisease`, `confirmationDate`, `birthDate`, `birthYear`, `age`, `gender`, `confirmedBy`, `occupation`, `sourceOfNotify`, `natureOfConf`, `officeUseOnly`, `specify`, `created_at`, `updated_at`) VALUES
(1, 'JRDHS100', 'Jaffna', 'JMOH101', 'draft', 'Paralysis', '2018-12-06', 'Human Rabies', '2018-12-28', '2012-12-10', NULL, 6, 'Male', 'Apothecary', 'Teacher', 'Ayurvedic Physician', 'Clinical, Bacteriological and Serological', 'Show new symptoms', '', '2018-12-29 00:28:18', '2018-12-29 00:28:18'),
(2, 'JRDHS101', 'Jaffna', 'JMOH101', 'sent', 'Diphtheria', '2018-12-13', 'Enteric Fever', '2018-12-16', NULL, 1999, 19, 'Female', 'Hospital M.O', 'Student', 'Other Source', 'Clinical and Bacteriological', NULL, 'HOD', '2018-12-29 00:30:26', '2018-12-29 00:30:26');

CREATE TABLE `h411s` (
  `h411RecordId` int(11) NOT NULL AUTO_INCREMENT,
  `pHIRegNo` varchar(10) NOT NULL,
  `pHIRange` text NOT NULL,
  `mOHNotifyNo` text NOT NULL,
  `mOHArea` text NOT NULL,
  `mOHRegNo` varchar(10) NOT NULL,
  `status` varchar(10) NOT NULL,
  `diseaseNotified` text NOT NULL,
  `dateNotified` date NOT NULL,
  `diseaseConfirmed` text NOT NULL,
  `dateConfirmed` date NOT NULL,
  `firstName` text NOT NULL,
  `lastName` text NOT NULL,
  `birthDate` date DEFAULT NULL,
  `birthYear` int(4) DEFAULT NULL,
  `age` int(3) NOT NULL,
  `gender` text NOT NULL,
  `addLine1` text NOT NULL,
  `addLine2` text,
  `gSDivName` text NOT NULL,
  `gSDiv` text NOT NULL,
  `dSDiv` text NOT NULL,
  `district` text NOT NULL,
  `province` text NOT NULL,
  `addMOHArea` text NOT NULL,
  `addPHIRange` text NOT NULL,
  `ethnicGroup` text,
  `dateOnset` date NOT NULL,
  `dateHospitalisation` date NOT NULL,
  `dateDischarge` date NOT NULL,
  `hospitalName` text NOT NULL,
  `movement` text,
  `outcome` text NOT NULL,
  `whereIsolated` text NOT NULL,
  `labFinding` text,
  `firstNameHousehold1` text,
  `lastNameHousehold1` text,
  `ageHousehold1` int(3),
  `dateSeenHousehold1` date,
  `observationHousehold1` text,
  `firstNameHousehold2` text,
  `lastNameHousehold2` text,
  `ageHousehold2` int(3),
  `dateSeenHousehold2` date,
  `observationHousehold2` text,
  `firstNameOther1` text,
  `lastNameOther1` text,
  `ageOther1` int(3),
  `dateSeenOther1` date,
  `observationOther1` text,
  `firstNameOther2` text,
  `lastNameOther2` text,
  `ageOther2` int(3),
  `dateSeenOther2` date,
  `observationOther2` text,
  `symptomsDevelopment` text,
  `treatmentType` text NOT NULL,
  `complications` text,
  `infectionSource` text NOT NULL,
  `sourceReduction` text,
  `bioControl` text,
  `habitatModification` text,
  `otherControl` text,
  `removeGabage` text,
  `removeWaterStore` text,
  `useMosquitoNet` text,
  `useInsectRepellent` text,
  `otherPrevent` text,
  `followUp` text,
  `created_at` timestamp NULL DEFAULT NULL,
  `updated_at` timestamp NULL DEFAULT NULL,
  PRIMARY KEY (`h411RecordId`),
  CONSTRAINT h411_phi_reg_no FOREIGN KEY (pHIRegNo) REFERENCES pHIs(pHIRegNo) ON UPDATE CASCADE
) ENGINE=InnoDB DEFAULT CHARSET=latin1;

INSERT INTO `h411s` (`h411RecordId`, `pHIRegNo`, `pHIRange`, `mOHNotifyNo`, `mOHArea`, `mOHRegNo`, `status`, `diseaseNotified`, `dateNotified`, `diseaseConfirmed`, `dateConfirmed`, `firstName`, `lastName`, `birthDate`, `birthYear`, `age`, `gender`, `addLine1`, `addLine2`, `gSDivName`, `gSDiv`, `dSDiv`, `district`, `province`, `addMOHArea`, `addPHIRange`, `ethnicGroup`, `dateOnset`, `dateHospitalisation`, `dateDischarge`, `hospitalName`, `movement`, `outcome`, `whereIsolated`, `labFinding`, `firstNameHousehold1`, `lastNameHousehold1`, `ageHousehold1`, `dateSeenHousehold1`, `observationHousehold1`, `firstNameHousehold2`, `lastNameHousehold2`, `ageHousehold2`, `dateSeenHousehold2`, `observationHousehold2`, `firstNameOther1`, `lastNameOther1`, `ageOther1`, `dateSeenOther1`, `observationOther1`, `firstNameOther2`, `lastNameOther2`, `ageOther2`, `dateSeenOther2`, `observationOther2`, `symptomsDevelopment`, `treatmentType`, `complications`, `infectionSource`, `sourceReduction`, `bioControl`, `habitatModification`, `otherControl`, `removeGabage`, `removeWaterStore`, `useMosquitoNet`, `useInsectRepellent`, `otherPrevent`, `followUp`, `created_at`, `updated_at`) VALUES
(1, 'JPHI101', 'Nallur', '001', 'Nallur', 'JMOH102', 'sent', 'Diphtheria', '2018-12-04', 'Encephalitis (including Japanese Encephalitis)', '2018-12-12', 'Asha', 'Sam', '1990-12-12', NULL, 28, 'Male', 'add1', NULL, 'Maruthady', 'J/77', 'Jaffna', 'Jaffna', 'Northern', 'Point Pedro', 'Uduthurai', 'Indian Tamil', '2018-12-10', '2018-12-12', '2018-12-22', 'Care & Cure', 'Vavuniya', 'Still in ward', 'Hospital', 'Negative', 'Vino', 'Haran', 32, '2018-12-12', 'Normal', NULL, NULL, NULL, NULL, NULL, NULL, NULL, NULL, NULL, NULL, NULL, NULL, NULL, NULL, NULL, 'Fine', 'Western', NULL, 'Outside', NULL, NULL, NULL, NULL, NULL, NULL, NULL, NULL, NULL, NULL, '2018-12-29 01:40:08', '2018-12-29 01:40:08'),
(2, 'JPHI101', 'Nallur', '002', 'Nallur', 'JMOH102', 'draft', 'Chicken Pox', '2018-12-11', 'Measles', '2018-12-19', 'Singh', 'Mahi', '2011-12-12', NULL, 7, 'Female', 'add1', NULL, 'Eachchamodai', 'J/66', 'Jaffna', 'Jaffna', 'Northern', 'Point Pedro', 'Point Pedro I', 'Indian Tamil', '2018-12-12', '2018-12-19', '2018-12-20', 'Northern Central Hospitals (pvt)', NULL, 'Still in ward', 'Hospital', NULL, NULL, NULL, NULL, NULL, NULL, NULL, NULL, NULL, NULL, NULL, NULL, NULL, NULL, NULL, NULL, NULL, NULL, NULL, NULL, NULL, NULL, 'No Treatement', NULL, 'Working Place', NULL, NULL, NULL, NULL, NULL, NULL, NULL, NULL, NULL, NULL, '2018-12-29 03:34:04', '2018-12-29 03:34:04');

CREATE TABLE `h399s` (
  `entryId` varchar(10) NOT NULL,
  `weekEndDate` date NOT NULL,
  `province` text NOT NULL,
  `district` text NOT NULL,
  `rdhsDiv` varchar(10) NOT NULL,
  `mohArea` text NOT NULL,
  PRIMARY KEY (`entryId`)
) ENGINE=InnoDB DEFAULT CHARSET=latin1;

CREATE TABLE `weeklySummarys` (
  `entryId` varchar(10) NOT NULL,
  `summary` text NOT NULL,
  `cholera` int(5) DEFAULT NULL,
  `polio` int(5) DEFAULT NULL,
  `chickenPox` int(5) DEFAULT NULL,
  `dengue` int(5) DEFAULT NULL,
  `diphtheria` int(5) DEFAULT NULL,
  `dysentery` int(5) DEFAULT NULL,
  `encephalitis` int(5) DEFAULT NULL,
  `entericFever` int(5) DEFAULT NULL,
  `foodPoisoning` int(5) DEFAULT NULL,
  `humanRabies` int(5) DEFAULT NULL,
  `leptospirosis` int(5) DEFAULT NULL,
  `malaria` int(5) DEFAULT NULL,
  `neasles` int(5) DEFAULT NULL,
  `meningities` int(5) DEFAULT NULL,
  `mumps` int(5) DEFAULT NULL,
  `rubella` int(5) DEFAULT NULL,
  `congenitalRubella` int(5) DEFAULT NULL,
  `sampleConFever` int(5) DEFAULT NULL,
  `tetanus` int(5) DEFAULT NULL,
  `neonatal` int(5) DEFAULT NULL,
  `typhusFever` int(5) DEFAULT NULL,
  `viralHepatitis` int(5) DEFAULT NULL,
  `whoopingCough` int(5) DEFAULT NULL,
  `tuberculosis` int(5) DEFAULT NULL,
  `created_at` timestamp NULL DEFAULT NULL,
  `updated_at` timestamp NULL DEFAULT NULL,
  PRIMARY KEY (`entryId`)
) ENGINE=InnoDB DEFAULT CHARSET=latin1;

CREATE TABLE `chankanais` (
  `entryId` varchar(10) NOT NULL,
  `phiArea` text NOT NULL,
  `cholera` int(5) DEFAULT NULL,
  `polio` int(5) DEFAULT NULL,
  `chickenPox` int(5) DEFAULT NULL,
  `dengue` int(5) DEFAULT NULL,
  `diphtheria` int(5) DEFAULT NULL,
  `dysentery` int(5) DEFAULT NULL,
  `encephalitis` int(5) DEFAULT NULL,
  `entericFever` int(5) DEFAULT NULL,
  `foodPoisoning` int(5) DEFAULT NULL,
  `humanRabies` int(5) DEFAULT NULL,
  `leptospirosis` int(5) DEFAULT NULL,
  `malaria` int(5) DEFAULT NULL,
  `neasles` int(5) DEFAULT NULL,
  `meningities` int(5) DEFAULT NULL,
  `mumps` int(5) DEFAULT NULL,
  `rubella` int(5) DEFAULT NULL,
  `congenitalRubella` int(5) DEFAULT NULL,
  `sampleConFever` int(5) DEFAULT NULL,
  `tetanus` int(5) DEFAULT NULL,
  `neonatal` int(5) DEFAULT NULL,
  `typhusFever` int(5) DEFAULT NULL,
  `viralHepatitis` int(5) DEFAULT NULL,
  `whoopingCough` int(5) DEFAULT NULL,
  `tuberculosis` int(5) DEFAULT NULL,
  `created_at` timestamp NULL DEFAULT NULL,
  `updated_at` timestamp NULL DEFAULT NULL,
  PRIMARY KEY (`entryId`)
) ENGINE=InnoDB DEFAULT CHARSET=latin1;

CREATE TABLE `chavakachcheris` (
  `entryId` varchar(10) NOT NULL,
  `phiArea` text NOT NULL,
  `cholera` int(5) DEFAULT NULL,
  `polio` int(5) DEFAULT NULL,
  `chickenPox` int(5) DEFAULT NULL,
  `dengue` int(5) DEFAULT NULL,
  `diphtheria` int(5) DEFAULT NULL,
  `dysentery` int(5) DEFAULT NULL,
  `encephalitis` int(5) DEFAULT NULL,
  `entericFever` int(5) DEFAULT NULL,
  `foodPoisoning` int(5) DEFAULT NULL,
  `humanRabies` int(5) DEFAULT NULL,
  `leptospirosis` int(5) DEFAULT NULL,
  `malaria` int(5) DEFAULT NULL,
  `neasles` int(5) DEFAULT NULL,
  `meningities` int(5) DEFAULT NULL,
  `mumps` int(5) DEFAULT NULL,
  `rubella` int(5) DEFAULT NULL,
  `congenitalRubella` int(5) DEFAULT NULL,
  `sampleConFever` int(5) DEFAULT NULL,
  `tetanus` int(5) DEFAULT NULL,
  `neonatal` int(5) DEFAULT NULL,
  `typhusFever` int(5) DEFAULT NULL,
  `viralHepatitis` int(5) DEFAULT NULL,
  `whoopingCough` int(5) DEFAULT NULL,
  `tuberculosis` int(5) DEFAULT NULL,
  `created_at` timestamp NULL DEFAULT NULL,
  `updated_at` timestamp NULL DEFAULT NULL,
  PRIMARY KEY (`entryId`)
) ENGINE=InnoDB DEFAULT CHARSET=latin1;

CREATE TABLE `jaffnas` (
  `entryId` varchar(10) NOT NULL,
  `phiArea` text NOT NULL,
  `cholera` int(5) DEFAULT NULL,
  `polio` int(5) DEFAULT NULL,
  `chickenPox` int(5) DEFAULT NULL,
  `dengue` int(5) DEFAULT NULL,
  `diphtheria` int(5) DEFAULT NULL,
  `dysentery` int(5) DEFAULT NULL,
  `encephalitis` int(5) DEFAULT NULL,
  `entericFever` int(5) DEFAULT NULL,
  `foodPoisoning` int(5) DEFAULT NULL,
  `humanRabies` int(5) DEFAULT NULL,
  `leptospirosis` int(5) DEFAULT NULL,
  `malaria` int(5) DEFAULT NULL,
  `neasles` int(5) DEFAULT NULL,
  `meningities` int(5) DEFAULT NULL,
  `mumps` int(5) DEFAULT NULL,
  `rubella` int(5) DEFAULT NULL,
  `congenitalRubella` int(5) DEFAULT NULL,
  `sampleConFever` int(5) DEFAULT NULL,
  `tetanus` int(5) DEFAULT NULL,
  `neonatal` int(5) DEFAULT NULL,
  `typhusFever` int(5) DEFAULT NULL,
  `viralHepatitis` int(5) DEFAULT NULL,
  `whoopingCough` int(5) DEFAULT NULL,
  `tuberculosis` int(5) DEFAULT NULL,
  `created_at` timestamp NULL DEFAULT NULL,
  `updated_at` timestamp NULL DEFAULT NULL,
  PRIMARY KEY (`entryId`)
) ENGINE=InnoDB DEFAULT CHARSET=latin1;

CREATE TABLE `karaveddys` (
  `entryId` varchar(10) NOT NULL,
  `phiArea` text NOT NULL,
  `cholera` int(5) DEFAULT NULL,
  `polio` int(5) DEFAULT NULL,
  `chickenPox` int(5) DEFAULT NULL,
  `dengue` int(5) DEFAULT NULL,
  `diphtheria` int(5) DEFAULT NULL,
  `dysentery` int(5) DEFAULT NULL,
  `encephalitis` int(5) DEFAULT NULL,
  `entericFever` int(5) DEFAULT NULL,
  `foodPoisoning` int(5) DEFAULT NULL,
  `humanRabies` int(5) DEFAULT NULL,
  `leptospirosis` int(5) DEFAULT NULL,
  `malaria` int(5) DEFAULT NULL,
  `neasles` int(5) DEFAULT NULL,
  `meningities` int(5) DEFAULT NULL,
  `mumps` int(5) DEFAULT NULL,
  `rubella` int(5) DEFAULT NULL,
  `congenitalRubella` int(5) DEFAULT NULL,
  `sampleConFever` int(5) DEFAULT NULL,
  `tetanus` int(5) DEFAULT NULL,
  `neonatal` int(5) DEFAULT NULL,
  `typhusFever` int(5) DEFAULT NULL,
  `viralHepatitis` int(5) DEFAULT NULL,
  `whoopingCough` int(5) DEFAULT NULL,
  `tuberculosis` int(5) DEFAULT NULL,
  `created_at` timestamp NULL DEFAULT NULL,
  `updated_at` timestamp NULL DEFAULT NULL,
  PRIMARY KEY (`entryId`)
) ENGINE=InnoDB DEFAULT CHARSET=latin1;

CREATE TABLE `kaytses` (
  `entryId` varchar(10) NOT NULL,
  `phiArea` text NOT NULL,
  `cholera` int(5) DEFAULT NULL,
  `polio` int(5) DEFAULT NULL,
  `chickenPox` int(5) DEFAULT NULL,
  `dengue` int(5) DEFAULT NULL,
  `diphtheria` int(5) DEFAULT NULL,
  `dysentery` int(5) DEFAULT NULL,
  `encephalitis` int(5) DEFAULT NULL,
  `entericFever` int(5) DEFAULT NULL,
  `foodPoisoning` int(5) DEFAULT NULL,
  `humanRabies` int(5) DEFAULT NULL,
  `leptospirosis` int(5) DEFAULT NULL,
  `malaria` int(5) DEFAULT NULL,
  `neasles` int(5) DEFAULT NULL,
  `meningities` int(5) DEFAULT NULL,
  `mumps` int(5) DEFAULT NULL,
  `rubella` int(5) DEFAULT NULL,
  `congenitalRubella` int(5) DEFAULT NULL,
  `sampleConFever` int(5) DEFAULT NULL,
  `tetanus` int(5) DEFAULT NULL,
  `neonatal` int(5) DEFAULT NULL,
  `typhusFever` int(5) DEFAULT NULL,
  `viralHepatitis` int(5) DEFAULT NULL,
  `whoopingCough` int(5) DEFAULT NULL,
  `tuberculosis` int(5) DEFAULT NULL,
  `created_at` timestamp NULL DEFAULT NULL,
  `updated_at` timestamp NULL DEFAULT NULL,
  PRIMARY KEY (`entryId`)
) ENGINE=InnoDB DEFAULT CHARSET=latin1;

CREATE TABLE `kopays` (
  `entryId` varchar(10) NOT NULL,
  `phiArea` text NOT NULL,
  `cholera` int(5) DEFAULT NULL,
  `polio` int(5) DEFAULT NULL,
  `chickenPox` int(5) DEFAULT NULL,
  `dengue` int(5) DEFAULT NULL,
  `diphtheria` int(5) DEFAULT NULL,
  `dysentery` int(5) DEFAULT NULL,
  `encephalitis` int(5) DEFAULT NULL,
  `entericFever` int(5) DEFAULT NULL,
  `foodPoisoning` int(5) DEFAULT NULL,
  `humanRabies` int(5) DEFAULT NULL,
  `leptospirosis` int(5) DEFAULT NULL,
  `malaria` int(5) DEFAULT NULL,
  `neasles` int(5) DEFAULT NULL,
  `meningities` int(5) DEFAULT NULL,
  `mumps` int(5) DEFAULT NULL,
  `rubella` int(5) DEFAULT NULL,
  `congenitalRubella` int(5) DEFAULT NULL,
  `sampleConFever` int(5) DEFAULT NULL,
  `tetanus` int(5) DEFAULT NULL,
  `neonatal` int(5) DEFAULT NULL,
  `typhusFever` int(5) DEFAULT NULL,
  `viralHepatitis` int(5) DEFAULT NULL,
  `whoopingCough` int(5) DEFAULT NULL,
  `tuberculosis` int(5) DEFAULT NULL,
  `created_at` timestamp NULL DEFAULT NULL,
  `updated_at` timestamp NULL DEFAULT NULL,
  PRIMARY KEY (`entryId`)
) ENGINE=InnoDB DEFAULT CHARSET=latin1;

CREATE TABLE `nallurs` (
  `entryId` varchar(10) NOT NULL,
  `phiArea` text NOT NULL,
  `cholera` int(5) DEFAULT NULL,
  `polio` int(5) DEFAULT NULL,
  `chickenPox` int(5) DEFAULT NULL,
  `dengue` int(5) DEFAULT NULL,
  `diphtheria` int(5) DEFAULT NULL,
  `dysentery` int(5) DEFAULT NULL,
  `encephalitis` int(5) DEFAULT NULL,
  `entericFever` int(5) DEFAULT NULL,
  `foodPoisoning` int(5) DEFAULT NULL,
  `humanRabies` int(5) DEFAULT NULL,
  `leptospirosis` int(5) DEFAULT NULL,
  `malaria` int(5) DEFAULT NULL,
  `neasles` int(5) DEFAULT NULL,
  `meningities` int(5) DEFAULT NULL,
  `mumps` int(5) DEFAULT NULL,
  `rubella` int(5) DEFAULT NULL,
  `congenitalRubella` int(5) DEFAULT NULL,
  `sampleConFever` int(5) DEFAULT NULL,
  `tetanus` int(5) DEFAULT NULL,
  `neonatal` int(5) DEFAULT NULL,
  `typhusFever` int(5) DEFAULT NULL,
  `viralHepatitis` int(5) DEFAULT NULL,
  `whoopingCough` int(5) DEFAULT NULL,
  `tuberculosis` int(5) DEFAULT NULL,
  `created_at` timestamp NULL DEFAULT NULL,
  `updated_at` timestamp NULL DEFAULT NULL,
  PRIMARY KEY (`entryId`)
) ENGINE=InnoDB DEFAULT CHARSET=latin1;

CREATE TABLE `pointpedros` (
  `entryId` varchar(10) NOT NULL,
  `phiArea` text NOT NULL,
  `cholera` int(5) DEFAULT NULL,
  `polio` int(5) DEFAULT NULL,
  `chickenPox` int(5) DEFAULT NULL,
  `dengue` int(5) DEFAULT NULL,
  `diphtheria` int(5) DEFAULT NULL,
  `dysentery` int(5) DEFAULT NULL,
  `encephalitis` int(5) DEFAULT NULL,
  `entericFever` int(5) DEFAULT NULL,
  `foodPoisoning` int(5) DEFAULT NULL,
  `humanRabies` int(5) DEFAULT NULL,
  `leptospirosis` int(5) DEFAULT NULL,
  `malaria` int(5) DEFAULT NULL,
  `neasles` int(5) DEFAULT NULL,
  `meningities` int(5) DEFAULT NULL,
  `mumps` int(5) DEFAULT NULL,
  `rubella` int(5) DEFAULT NULL,
  `congenitalRubella` int(5) DEFAULT NULL,
  `sampleConFever` int(5) DEFAULT NULL,
  `tetanus` int(5) DEFAULT NULL,
  `neonatal` int(5) DEFAULT NULL,
  `typhusFever` int(5) DEFAULT NULL,
  `viralHepatitis` int(5) DEFAULT NULL,
  `whoopingCough` int(5) DEFAULT NULL,
  `tuberculosis` int(5) DEFAULT NULL,
  `created_at` timestamp NULL DEFAULT NULL,
  `updated_at` timestamp NULL DEFAULT NULL,
  PRIMARY KEY (`entryId`)
) ENGINE=InnoDB DEFAULT CHARSET=latin1;

CREATE TABLE `sandilipays` (
  `entryId` varchar(10) NOT NULL,
  `phiArea` text NOT NULL,
  `cholera` int(5) DEFAULT NULL,
  `polio` int(5) DEFAULT NULL,
  `chickenPox` int(5) DEFAULT NULL,
  `dengue` int(5) DEFAULT NULL,
  `diphtheria` int(5) DEFAULT NULL,
  `dysentery` int(5) DEFAULT NULL,
  `encephalitis` int(5) DEFAULT NULL,
  `entericFever` int(5) DEFAULT NULL,
  `foodPoisoning` int(5) DEFAULT NULL,
  `humanRabies` int(5) DEFAULT NULL,
  `leptospirosis` int(5) DEFAULT NULL,
  `malaria` int(5) DEFAULT NULL,
  `neasles` int(5) DEFAULT NULL,
  `meningities` int(5) DEFAULT NULL,
  `mumps` int(5) DEFAULT NULL,
  `rubella` int(5) DEFAULT NULL,
  `congenitalRubella` int(5) DEFAULT NULL,
  `sampleConFever` int(5) DEFAULT NULL,
  `tetanus` int(5) DEFAULT NULL,
  `neonatal` int(5) DEFAULT NULL,
  `typhusFever` int(5) DEFAULT NULL,
  `viralHepatitis` int(5) DEFAULT NULL,
  `whoopingCough` int(5) DEFAULT NULL,
  `tuberculosis` int(5) DEFAULT NULL,
  `created_at` timestamp NULL DEFAULT NULL,
  `updated_at` timestamp NULL DEFAULT NULL,
  PRIMARY KEY (`entryId`)
) ENGINE=InnoDB DEFAULT CHARSET=latin1;

CREATE TABLE `tellipalais` (
  `entryId` varchar(10) NOT NULL,
  `phiArea` text NOT NULL,
  `cholera` int(5) DEFAULT NULL,
  `polio` int(5) DEFAULT NULL,
  `chickenPox` int(5) DEFAULT NULL,
  `dengue` int(5) DEFAULT NULL,
  `diphtheria` int(5) DEFAULT NULL,
  `dysentery` int(5) DEFAULT NULL,
  `encephalitis` int(5) DEFAULT NULL,
  `entericFever` int(5) DEFAULT NULL,
  `foodPoisoning` int(5) DEFAULT NULL,
  `humanRabies` int(5) DEFAULT NULL,
  `leptospirosis` int(5) DEFAULT NULL,
  `malaria` int(5) DEFAULT NULL,
  `neasles` int(5) DEFAULT NULL,
  `meningities` int(5) DEFAULT NULL,
  `mumps` int(5) DEFAULT NULL,
  `rubella` int(5) DEFAULT NULL,
  `congenitalRubella` int(5) DEFAULT NULL,
  `sampleConFever` int(5) DEFAULT NULL,
  `tetanus` int(5) DEFAULT NULL,
  `neonatal` int(5) DEFAULT NULL,
  `typhusFever` int(5) DEFAULT NULL,
  `viralHepatitis` int(5) DEFAULT NULL,
  `whoopingCough` int(5) DEFAULT NULL,
  `tuberculosis` int(5) DEFAULT NULL,
  `created_at` timestamp NULL DEFAULT NULL,
  `updated_at` timestamp NULL DEFAULT NULL,
  PRIMARY KEY (`entryId`)
) ENGINE=InnoDB DEFAULT CHARSET=latin1;

CREATE TABLE `uduvils` (
  `entryId` varchar(10) NOT NULL,
  `phiArea` text NOT NULL,
  `cholera` int(5) DEFAULT NULL,
  `polio` int(5) DEFAULT NULL,
  `chickenPox` int(5) DEFAULT NULL,
  `dengue` int(5) DEFAULT NULL,
  `diphtheria` int(5) DEFAULT NULL,
  `dysentery` int(5) DEFAULT NULL,
  `encephalitis` int(5) DEFAULT NULL,
  `entericFever` int(5) DEFAULT NULL,
  `foodPoisoning` int(5) DEFAULT NULL,
  `humanRabies` int(5) DEFAULT NULL,
  `leptospirosis` int(5) DEFAULT NULL,
  `malaria` int(5) DEFAULT NULL,
  `neasles` int(5) DEFAULT NULL,
  `meningities` int(5) DEFAULT NULL,
  `mumps` int(5) DEFAULT NULL,
  `rubella` int(5) DEFAULT NULL,
  `congenitalRubella` int(5) DEFAULT NULL,
  `sampleConFever` int(5) DEFAULT NULL,
  `tetanus` int(5) DEFAULT NULL,
  `neonatal` int(5) DEFAULT NULL,
  `typhusFever` int(5) DEFAULT NULL,
  `viralHepatitis` int(5) DEFAULT NULL,
  `whoopingCough` int(5) DEFAULT NULL,
  `tuberculosis` int(5) DEFAULT NULL,
  `created_at` timestamp NULL DEFAULT NULL,
  `updated_at` timestamp NULL DEFAULT NULL,
  PRIMARY KEY (`entryId`)
) ENGINE=InnoDB DEFAULT CHARSET=latin1;

CREATE TABLE `totals` (
  `entryId` varchar(10) NOT NULL,
  `mohArea` text NOT NULL,
  `cholera` int(5) DEFAULT NULL,
  `polio` int(5) DEFAULT NULL,
  `chickenPox` int(5) DEFAULT NULL,
  `dengue` int(5) DEFAULT NULL,
  `diphtheria` int(5) DEFAULT NULL,
  `dysentery` int(5) DEFAULT NULL,
  `encephalitis` int(5) DEFAULT NULL,
  `entericFever` int(5) DEFAULT NULL,
  `foodPoisoning` int(5) DEFAULT NULL,
  `humanRabies` int(5) DEFAULT NULL,
  `leptospirosis` int(5) DEFAULT NULL,
  `malaria` int(5) DEFAULT NULL,
  `neasles` int(5) DEFAULT NULL,
  `meningities` int(5) DEFAULT NULL,
  `mumps` int(5) DEFAULT NULL,
  `rubella` int(5) DEFAULT NULL,
  `congenitalRubella` int(5) DEFAULT NULL,
  `sampleConFever` int(5) DEFAULT NULL,
  `tetanus` int(5) DEFAULT NULL,
  `neonatal` int(5) DEFAULT NULL,
  `typhusFever` int(5) DEFAULT NULL,
  `viralHepatitis` int(5) DEFAULT NULL,
  `whoopingCough` int(5) DEFAULT NULL,
  `tuberculosis` int(5) DEFAULT NULL,
  `created_at` timestamp NULL DEFAULT NULL,
  `updated_at` timestamp NULL DEFAULT NULL,
  PRIMARY KEY (`entryId`)
) ENGINE=InnoDB DEFAULT CHARSET=latin1;

CREATE TABLE `contactInvesticates` (
  `notifyId` varchar(10) NOT NULL,
  `contId` varchar(10) NOT NULL,
  `firstName` text NOT NULL,
  `lastName` text NOT NULL,
  `age` int(3) NOT NULL,
  `seenDate` date NOT NULL,
  `opsevation` text NOT NULL,
  `created_at` timestamp NULL DEFAULT NULL,
  `updated_at` timestamp NULL DEFAULT NULL,
  PRIMARY KEY (`notifyId`,`contId`)
) ENGINE=InnoDB DEFAULT CHARSET=latin1;

CREATE TABLE `patientEventHistorys` (
  `notifyId` varchar(10) NOT NULL,
  `symptomDevelop` text,
  `indigenous` text,
  `western` text,
  `bothTreatment` text,
  `noTreatment` text,
  `complication` text,
  `foreign` text,
  `created_at` timestamp NULL DEFAULT NULL,
  `updated_at` timestamp NULL DEFAULT NULL,
  PRIMARY KEY (`notifyId`)
) ENGINE=InnoDB DEFAULT CHARSET=latin1;
