SET SQL_MODE = "NO_AUTO_VALUE_ON_ZERO";
SET AUTOCOMMIT = 0;
START TRANSACTION;
SET time_zone = "+00:00";

CREATE TABLE `migrations` (
  `id` int(10) UNSIGNED NOT NULL,
  `migration` varchar(255) COLLATE utf8mb4_unicode_ci NOT NULL,
  `batch` int(11) NOT NULL
) ENGINE=InnoDB DEFAULT CHARSET=utf8mb4 COLLATE=utf8mb4_unicode_ci;

INSERT INTO `migrations` (`id`, `migration`, `batch`) VALUES
(1, '2014_10_12_000000_create_users_table', 1),
(2, '2014_10_12_100000_create_password_resets_table', 1);

CREATE TABLE `password_resets` (
  `email` varchar(191) COLLATE utf8mb4_unicode_ci NOT NULL,
  `token` varchar(191) COLLATE utf8mb4_unicode_ci NOT NULL,
  `created_at` timestamp NULL DEFAULT NULL
) ENGINE=InnoDB DEFAULT CHARSET=utf8mb4 COLLATE=utf8mb4_unicode_ci;

CREATE TABLE `users` (
  `id` int(10) UNSIGNED NOT NULL,
  `name` varchar(191) COLLATE utf8mb4_unicode_ci NOT NULL,
  `email` varchar(191) COLLATE utf8mb4_unicode_ci NOT NULL,
  `password` varchar(191) COLLATE utf8mb4_unicode_ci NOT NULL,
  `status` varchar(5) NOT NULL DEFAULT 'no',
  `userType` varchar(20) DEFAULT NULL,
  `avatar` varchar(255) DEFAULT 'default.jpg',
  `remember_token` varchar(100) COLLATE utf8mb4_unicode_ci DEFAULT NULL,
  `created_at` timestamp NULL DEFAULT NULL,
  `updated_at` timestamp NULL DEFAULT NULL
) ENGINE=InnoDB DEFAULT CHARSET=utf8mb4 COLLATE=utf8mb4_unicode_ci;

INSERT INTO `users` (`id`, `name`, `email`, `password`, `status`, `userType`, `avatar`, `remember_token`, `created_at`, `updated_at`) VALUES
(1, 'Kumanan', 'doctor@gmail.com', '$2y$10$2tagz5OobtE/lOY5qkhZBuWK1xdM.hDiknTu2zCt4wRi9act4gDxi', 'yes', 'Doctor', '1540277098.jpg', '', '', ''),
(2, 'Ghetheeswaran', 'ghethees@gmail.com', '$2y$12$7RD1ZpFg/knWsLjFp2KDR.8iWKCVnk5b8PTm/06GvfT6h/vatdGfu', 'no', 'Doctor', 'default.jpg', '', '', ''),
(3, 'Raveendran', 'moh@gmail.com', '$2y$10$Qt/.iVh8EBP02e5BB/aloOO5EuOao3lkF4Fkb.3tPET7vGWMxMlqG', 'yes', 'MOH', '1540277005.jpg', '', '', ''),
(4, 'Balendran', 'balen@gmail.com', '$2y$12$dYmkxG.mARGnWjyy8vSyyO6eug3tCq7eEe.YtRYKwfxlbiNqueitC', 'no', 'MOH', 'default.jpg', '', '', ''),
(5, 'Shama', 'phi@gmail.com', '$2y$10$pAwCe0evyICnxz9HBaIiAe4v2DcQYUBsg0idVmxmLvJorKveZrEOS', 'yes', 'PHI', '1540277331.png', '', '', ''),
(7, 'Haran', 'haran@gmail.com', '$2y$12$3fnMD9/k4s9p1AmfHxRZvuMTTF6q.kU5CSrIcPjMXRFoyxlWC8JX.', 'no', 'PHI', 'default.jpg', '', '', ''),
(8, 'Naven', 'rdhs@gmail.com', '$2y$10$lViSisuAKCHGKvyXpiCFJOIqfzldvUbe2tn/HVuRCSMgZyHkin76q', 'yes', 'RDHS', '1540277198.jpg', '', '', ''),
(9, 'Suren', 'suren@gmail.com', '$2y$12$yVweuA4ocGzMxg3nfF2jgOuYOL2IGPRPnp6YqHP07ph13LtIO4pPu', 'no', 'RDHS', 'default.jpg', '', '', ''),
(10, 'Pavan', 'eu@gmail.com', '$2y$10$nvTBeKN3yIdq1iEyUrYAAeg8xH8quHWzE2o6i5c3P7tpVV1hMTFOK', 'yes', 'EU', '1540277577.png', '', '', ''),
(11, 'Sri', 'sri@gmail.com', '$2y$12$yzlEK1Dv9apR1wVvEBj/7OQOYfdhP0v/cK7WcYGBNlFxjBhvpTXFi', 'no', 'EU', 'default.jpg', '', '', ''),
(12, 'Peranantharajah', 'peranantharajah@gmail.com', '$2y$10$ebIfQDmd1.yUexj/MpugUuV7LOGsknyxtpKyIubmnQczBSSQ128wq', 'yes', 'Doctor', '1540277714.jpg', '', '', ''),
(13, 'Sivansuthan', 'suthan@gmail.com', '$2y$10$ozBAtnAgWybMYDGaI6izX.P2Z5Km6FlYdB05IhzVR5cP3vVt9pif6', 'no', 'Doctor', 'default.jpg', '', '', '');

ALTER TABLE `migrations`
  ADD PRIMARY KEY (`id`);

ALTER TABLE `password_resets`
  ADD KEY `password_resets_email_index` (`email`);

ALTER TABLE `users`
  ADD PRIMARY KEY (`id`),
  ADD UNIQUE KEY `users_email_unique` (`email`);

ALTER TABLE `migrations`
  MODIFY `id` int(10) UNSIGNED NOT NULL AUTO_INCREMENT, AUTO_INCREMENT=3;

ALTER TABLE `users`
  MODIFY `id` int(10) UNSIGNED NOT NULL AUTO_INCREMENT, AUTO_INCREMENT=2;
COMMIT;

CREATE TABLE `institutes` (
  `insName` varchar(50) NOT NULL,
  `insType` text NOT NULL,
  `addLine1` text NOT NULL,
  `addLine2` text,
  `province` varchar(50) NOT NULL,
  `district` varchar(50) NOT NULL,
  `gSDiv` varchar(10) NOT NULL,
  `mOHArea` varchar(50) NOT NULL,
  `created_at` timestamp NULL DEFAULT NULL,
  `updated_at` timestamp NULL DEFAULT NULL,
  PRIMARY KEY (`insName`)
) ENGINE=InnoDB DEFAULT CHARSET=latin1;

INSERT INTO `institutes` (`insName`, `insType`, `addLine1`, `addLine2`, `province`, `district`, `gSDiv`, `mOHArea`) VALUES
('Care and Cure', 'Private', '', NULL, '', '', '', ''),
('Dental Surgery', 'Private', '', NULL, '', '', '', ''),
('Divisional Hospital', 'Private', '', NULL, '', '', '', ''),
('Jaffna Teaching Hospital', 'Government', 'aaaaa', 'qqqqqq', 'rrrrr', 'dddddd', 'sed234', 'ghjiuu'),
('Life Care Medi Cilinic', 'Private', '', NULL, '', '', '', ''),
('Mangalapathy Siddha Ayurvedic', 'Private', '', NULL, '', '', '', ''),
('Modern New Medi Care Hospital', 'Private', '', NULL, '', '', '', ''),
('Nagaa Medical Centre', 'Private', '', NULL, '', '', '', ''),
('New Yarl Hospital', 'Private', '', NULL, '', '', '', ''),
('Northern Central Hospitals', 'Private\r\n', '', NULL, '', '', '', ''),
('Pillaiyar Medi Clinic', 'Private', '', NULL, '', '', '', ''),
('Rakavo Hospital', 'Private', '', NULL, '', '', '', ''),
('Renny Dental and Optical Service', 'Private', '', NULL, '', '', '', ''),
('Royal Medical Centre', 'Private', '', NULL, '', '', '', ''),
('Ruhlins Hospital', 'Private', '', NULL, '', '', '', ''),
('Sampanthar Modern Clinic', 'Private', '', NULL, '', '', '', ''),
('Shan''s Health Care', 'Private', '', NULL, '', '', '', ''),
('Shanthe Medi Clinic', 'Private', '', NULL, '', '', '', ''),
('Suharni Hospital', 'Private', '', NULL, '', '', '', ''),
('Sujeeva Hospital', 'Private', '', NULL, '', '', '', ''),
('Sunrise Medi Clinic', 'Private', '', NULL, '', '', '', '');

CREATE TABLE `districtInProvinces` (
  `district` varchar(50) NOT NULL,
  `province` varchar(50) NOT NULL,
  PRIMARY KEY (`district`)
) ENGINE=InnoDB DEFAULT CHARSET=latin1;

INSERT INTO `districtInProvinces` (`district`, `province`) VALUES
('Jaffna', 'Northern'),
('Kilinochchi', 'Northern'),
('Mannar', 'Northern'),
('Mullaitivu', 'Northern'),
('Vavuniya', 'Northern'),
('Puttalam', 'North Western'),
('Kurunegala', 'North Western'),
('Gampaha', 'Western'),
('Colombo', 'Western'),
('Kalutara', 'Western'),
('Anuradhapura', 'North Central'),
('Polonnaruwa', 'North Central'),
('Matale', 'Central'),
('Kandy', 'Central'),
('Nuwara Eliya', 'Central'),
('Kegalle', 'Sabaragamuwa'),
('Ratnapura', 'Sabaragamuwa'),
('Trincomalee', 'Eastern'),
('Batticaloa', 'Eastern'),
('Ampara', 'Eastern'),
('Badulla', 'Uva'),
('Monaragala', 'Uva'),
('Hambantota', 'Southern'),
('Matara', 'Southern'),
('Galle', 'Southern');

CREATE TABLE `rDHSDivInDistricts` (
  `rDHSDiv` varchar(50) NOT NULL,
  `district` varchar(50) NOT NULL,
  PRIMARY KEY (`rDHSDiv`),
  CONSTRAINT rdhsdivindistricts_district FOREIGN KEY (district) REFERENCES districtInProvinces(district) ON UPDATE CASCADE
) ENGINE=InnoDB DEFAULT CHARSET=latin1;

INSERT INTO `rDHSDivInDistricts` (`rDHSDiv`, `district`) VALUES
('Ampara', 'Ampara'),
('Anuradhapura', 'Anuradhapura'),
('Badulla', 'Badulla'),
('Batticaloa', 'Batticaloa'),
('Colombo', 'Colombo'),
('Galle', 'Galle'),
('Gampaha', 'Gampaha'),
('Hambantota', 'Hambantota'),
('Jaffna', 'Jaffna'),
('Kalmunai', 'Ampara'),
('Kalutara', 'Kalutara'),
('Kandy', 'Kandy'),
('Kegalle', 'Kegalle'),
('Kilinochchi', 'Kilinochchi'),
('Kurunegala', 'Kurunegala'),
('Mannar', 'Mannar'),
('Matale', 'Matale'),
('Matara', 'Matara'),
('Monaragala', 'Monaragala'),
('Mullaitivu', 'Mullaitivu'),
('Nuwara Eliya', 'Nuwara Eliya'),
('Polannaruwa', 'Polonnaruwa'),
('Ratnapura', 'Ratnapura'),
('Trincomalee', 'Trincomalee'),
('Vavuniya', 'Vavuniya');

CREATE TABLE `dSDivInDistricts` (
  `dSDiv` varchar(50) NOT NULL,
  `district` varchar(50) NOT NULL,
  PRIMARY KEY (`dSDiv`),
  CONSTRAINT dsdivindistricts_district FOREIGN KEY (district) REFERENCES districtInProvinces(district) ON UPDATE CASCADE
) ENGINE=InnoDB DEFAULT CHARSET=latin1;

INSERT INTO `dSDivInDistricts` (`dSDiv`, `district`) VALUES
('Delft', 'Jaffna'),
('Island North', 'Jaffna'),
('Island South', 'Jaffna'),
('Jaffna', 'Jaffna'),
('Karainagar', 'Jaffna'),
('Nallur', 'Jaffna'),
('Thenmaradchi', 'Jaffna'),
('Vadamaradchi East', 'Jaffna'),
('Vadamaradchi North', 'Jaffna'),
('Vadamaradchi South West', 'Jaffna'),
('Valikamam East', 'Jaffna'),
('Valikamam North', 'Jaffna'),
('Valikamam South', 'Jaffna'),
('Valikamam South West', 'Jaffna'),
('Valikamam West', 'Jaffna');

CREATE TABLE `mOHInDistricts` (
  `mOHArea` varchar(50) NOT NULL,
  `district` varchar(50) NOT NULL,
  PRIMARY KEY (`mOHArea`),
  CONSTRAINT mohindistricts_district FOREIGN KEY (district) REFERENCES districtInProvinces(district) ON UPDATE CASCADE
) ENGINE=InnoDB DEFAULT CHARSET=latin1;

INSERT INTO `mOHInDistricts` (`mOHArea`, `district`) VALUES
('Chankanai', 'Jaffna'),
('Chavakachcheri', 'Jaffna'),
('Jaffna', 'Jaffna'),
('Karaveddy', 'Jaffna'),
('Kayts', 'Jaffna'),
('Kopay', 'Jaffna'),
('Nallur', 'Jaffna'),
('Point Pedro', 'Jaffna'),
('Sandilipay', 'Jaffna'),
('Tellippalai', 'Jaffna'),
('Uduvil', 'Jaffna');

CREATE TABLE `gSDivInDSDivs` (
  `gSDiv` varchar(10) NOT NULL,
  `gSDivName` text NOT NULL,
  `dSDiv` varchar(50) NOT NULL,
  PRIMARY KEY (`gSDiv`),
  CONSTRAINT gsdivindsdivs_dsdiv FOREIGN KEY (dSDiv) REFERENCES dSDivInDistricts(dSDiv) ON UPDATE CASCADE
) ENGINE=InnoDB DEFAULT CHARSET=latin1;

INSERT INTO `gSDivInDSDivs` (`gSDiv`, `gSDivName`, `dSDiv`) VALUES
('J/01', 'Delft West', 'Delft'),
('J/02', 'Delft South', 'Delft'),
('J/03', 'Delft Centre West', 'Delft'),
('J/04', 'Delft Centre', 'Delft'),
('J/05', 'Delft Centre East', 'Delft'),
('J/06', 'Delft East', 'Delft'),
('J/07', 'Mandaitivu East', 'Island South'),
('J/08', 'Mandaitivu West', 'Island South'),
('J/09', 'Mandaitivu South', 'Island South'),
('J/10', 'Allaipiddy', 'Island South'),
('J/11', 'Mankumban', 'Island South'),
('J/12', 'Velanai North', 'Island South'),
('J/13', 'Velanai North East', 'Island South'),
('J/14', 'Velanai East', 'Island South'),
('J/15', 'Velanai South East', 'Island South'),
('J/16', 'Velanai East Centre', 'Island South'),
('J/17', 'Velanai South', 'Island South'),
('J/18', 'Velanai West Centre', 'Island South'),
('J/19', 'Velanai West', 'Island South'),
('J/20', 'Saravanai East', 'Island South'),
('J/21', 'Saravanai West', 'Island South'),
('J/22', 'Pungudutivu North East', 'Island South'),
('J/23', 'Pungudutivu East', 'Island South'),
('J/24', 'Pungudutivu South East', 'Island South'),
('J/25', 'Pungudutivu', 'Island South'),
('J/26', 'Pungudutivu South', 'Island South'),
('J/27', 'Pungudutivu North', 'Island South'),
('J/28', 'Pungudutivu Centre North', 'Island South'),
('J/29', 'Pungudutivu South West', 'Island South'),
('J/30', 'Pungudutivu Centre South', 'Island South'),
('J/31', 'Pungudutivu Centre East', 'Island South'),
('J/32', 'Pungudutivu North West', 'Island South'),
('J/33', 'Pungudutivu West', 'Island South'),
('J/34', 'Nainativu North', 'Island South'),
('J/35', 'Nainativu Centre', 'Island South'),
('J/36', 'Nainativu South', 'Island South'),
('J/37', 'Analaitivu North', 'Island North'),
('J/38', 'Analaitivu South', 'Island North'),
('J/39', 'Eluvaitivu', 'Island North'),
('J/40', 'Karainagar West', 'Karainagar'),
('J/41', 'Karainagar North West', 'Karainagar'),
('J/42', 'Karainagar East', 'Karainagar'),
('J/43', 'Karainagar South East', 'Karainagar'),
('J/44', 'Karainagar South', 'Karainagar'),
('J/45', 'Karainagar South West', 'Karainagar'),
('J/46', 'Karainagar North', 'Karainagar'),
('J/47', 'Karainagar North East', 'Karainagar'),
('J/48', 'Karainagar Centre', 'Karainagar'),
('J/49', 'Kayts', 'Island North'),
('J/50', 'Paruthiyadaippu', 'Island North'),
('J/51', 'Karampon', 'Island North'),
('J/52', 'Karampon East', 'Island North'),
('J/53', 'Karampon South East', 'Island North'),
('J/54', 'Karampon West', 'Island North'),
('J/55', 'Naranthanai North', 'Island North'),
('J/56', 'Naranthanai North West', 'Island North'),
('J/57', 'Naranthanai', 'Island North'),
('J/58', 'Naranthanai South', 'Island North'),
('J/59', 'Suruvil', 'Island North'),
('J/60', 'Puliyankoodal', 'Island North'),
('J/61', 'Nedunkulam', 'Jaffna'),
('J/62', 'Columbuthurai East', 'Jaffna'),
('J/63', 'Columbuthurai West', 'Jaffna'),
('J/64', 'Passaiyoor East', 'Jaffna'),
('J/65', 'Passaiyoor West', 'Jaffna'),
('J/66', 'Eachchamoddai', 'Jaffna'),
('J/67', 'Thirunagar', 'Jaffna'),
('J/68', 'Reclamation East', 'Jaffna'),
('J/69', 'Reclamation West', 'Jaffna'),
('J/70', 'Gurunagar East', 'Jaffna'),
('J/71', 'Gurunagar West', 'Jaffna'),
('J/72', 'Small Bazaar', 'Jaffna'),
('J/73', 'Jaffna Town West', 'Jaffna'),
('J/74', 'Jaffna Town East', 'Jaffna'),
('J/75', 'Chundikuli South', 'Jaffna'),
('J/76', 'Chundikuli North', 'Jaffna'),
('J/77', 'Maruthady', 'Jaffna'),
('J/78', 'Attiaddy', 'Jaffna'),
('J/79', 'Sirambiady', 'Jaffna'),
('J/80', 'Grand Bazaar', 'Jaffna'),
('J/81', 'Fort', 'Jaffna'),
('J/82', 'Vannarpannai', 'Jaffna'),
('J/83', 'Koddady', 'Jaffna'),
('J/84', 'Navanthurai South', 'Jaffna'),
('J/85', 'Navanthurai North', 'Jaffna'),
('J/86', 'Moor Street South', 'Jaffna'),
('J/87', 'Moor Street North', 'Jaffna'),
('J/88', 'New Moor Street', 'Jaffna'),
('J/89', 'Ariyalai South West', 'Nallur'),
('J/90', 'Ariyalai South East', 'Nallur'),
('J/91', 'Ariyalai North West', 'Nallur'),
('J/92', 'Ariyalai West (Centre)', 'Nallur'),
('J/93', 'Ariyalai S. W. (East)', 'Nallur'),
('J/94', 'Ariyalai Centre North', 'Nallur'),
('J/95', 'Ariyalai Centre', 'Nallur'),
('J/96', 'Ariyalai Centre South', 'Nallur'),
('J/97', 'Iyanar Kovilady', 'Nallur'),
('J/98', 'Vannarponnai N.W. (North)', 'Nallur'),
('J/99', 'Vannarponnai N.W. (West)', 'Nallur'),
('J/100', 'Vannarponnai N.E. (North)', 'Nallur'),
('J/101', 'Vannarponnai N.E. (South)', 'Nallur'),
('J/102', 'Kantharmadam North West', 'Nallur'),
('J/103', 'Kantharmadam North East', 'Nallur'),
('J/104', 'Kantharmadam South West', 'Nallur'),
('J/105', 'Kantharmadam South East', 'Nallur'),
('J/106', 'Nallur North', 'Nallur'),
('J/107', 'Nallur Centre', 'Nallur'),
('J/108', 'Nallur South', 'Nallur'),
('J/109', 'Nallur East', 'Nallur'),
('J/110', 'Thirunelvely West', 'Nallur'),
('J/111', 'Thirunelvely Centre South', 'Nallur'),
('J/112', 'Thirunelvely South East', 'Nallur'),
('J/113', 'Thirunelvely North East', 'Nallur'),
('J/114', 'Thirunelvely Centre North', 'Nallur'),
('J/115', 'Kondavil North West', 'Nallur'),
('J/116', 'Kondavil South West', 'Nallur'),
('J/117', 'Kondavil Centre  West', 'Nallur'),
('J/118', 'Kondavil Centre  East', 'Nallur'),
('J/119', 'Kondavil North East', 'Nallur'),
('J/120', 'Kondavil South East', 'Nallur'),
('J/121', 'Kokuvil Centre East', 'Nallur'),
('J/122', 'Kokuvil North East', 'Nallur'),
('J/123', 'Kokuvil South East', 'Nallur'),
('J/124', 'Kokuvil North West', 'Nallur'),
('J/125', 'Kokuvil South West', 'Nallur'),
('J/126', 'Kokuvil West (Centre)', 'Nallur'),
('J/127', 'Kokuvil West (East)', 'Nallur'),
('J/128', 'Kokuvil Centre (West)', 'Nallur'),
('J/129', 'Suthumalai North', 'Valikamam South West'),
('J/130', 'Suthumalai South', 'Valikamam South West'),
('J/131', 'Savatkaddu', 'Valikamam South West'),
('J/132', 'Uyarappulam', 'Valikamam South West'),
('J/133', 'Anaikoddai', 'Valikamam South West'),
('J/134', 'Navali North', 'Valikamam South West'),
('J/135', 'Navali East', 'Valikamam South West'),
('J/136', 'Navali South', 'Valikamam South West'),
('J/137', 'Manipay North', 'Valikamam South West'),
('J/138', 'Manipay East', 'Valikamam South West'),
('J/139', 'Manipay South', 'Valikamam South West'),
('J/140', 'Manipay West', 'Valikamam South West'),
('J/141', 'Sandilipay North', 'Valikamam South West'),
('J/142', 'Sandilipay Centre', 'Valikamam South West'),
('J/143', 'Sandilipay West', 'Valikamam South West'),
('J/144', 'Masiapiddy', 'Valikamam South West'),
('J/145', 'Vadaliadaippu', 'Valikamam South West'),
('J/146', 'Pandatheruppu', 'Valikamam South West'),
('J/147', 'Piranpattai', 'Valikamam South West'),
('J/148', 'Sillalai North', 'Valikamam South West'),
('J/149', 'Sillalai South', 'Valikamam South West'),
('J/150', 'Mathagal East', 'Valikamam South West'),
('J/151', 'Mathagal South', 'Valikamam South West'),
('J/152', 'Mathagal West', 'Valikamam South West'),
('J/153', 'Periyavillan', 'Valikamam South West'),
('J/154', 'Maresankoodal', 'Valikamam South West'),
('J/155', 'Illavalai', 'Valikamam South West'),
('J/156', 'Mullanai', 'Valikamam South West'),
('J/157', 'Vedducoddai East', 'Valikamam West'),
('J/158', 'Vedducoddai North', 'Valikamam West'),
('J/159', 'Sangarathai', 'Valikamam West'),
('J/160', 'Arali West', 'Valikamam West'),
('J/161', 'Arali Centre', 'Valikamam West'),
('J/162', 'Arali South', 'Valikamam West'),
('J/163', 'Arali East', 'Valikamam West'),
('J/164', 'Arali North', 'Valikamam West'),
('J/165', 'Vedducoddai South', 'Valikamam West'),
('J/166', 'Vedducoddai South West (North)', 'Valikamam West'),
('J/167', 'Vedducoddai  West', 'Valikamam West'),
('J/168', 'Tholpuram East', 'Valikamam West'),
('J/169', 'Tholpuram  West', 'Valikamam West'),
('J/170', 'Ponnalai', 'Valikamam West'),
('J/171', 'Moolai', 'Valikamam West'),
('J/172', 'Chulipuram West', 'Valikamam West'),
('J/173', 'Chulipuram  Centre', 'Valikamam West'),
('J/174', 'Chulipuram  East', 'Valikamam West'),
('J/175', 'Pannakam', 'Valikamam West'),
('J/176', 'Paníippulam', 'Valikamam West'),
('J/177', 'Sithankerni', 'Valikamam West'),
('J/178', 'Chankanai East', 'Valikamam West'),
('J/179', 'Chankanai West', 'Valikamam West'),
('J/180', 'Chankanai South', 'Valikamam West'),
('J/181', 'Chankanai Centre', 'Valikamam West'),
('J/182', 'Uduvil South West', 'Valikamam South'),
('J/183', 'Uduvil South  East', 'Valikamam South'),
('J/184', 'Uduvil Centre', 'Valikamam South'),
('J/185', 'Uduvil Centre North', 'Valikamam South'),
('J/186', 'Uduvil North', 'Valikamam South'),
('J/187', 'Sanguvely', 'Valikamam South'),
('J/188', 'Inuvil South West', 'Valikamam South'),
('J/189', 'Inuvil East', 'Valikamam South'),
('J/190', 'Inuvil North  East', 'Valikamam South'),
('J/191', 'Inuvil West', 'Valikamam South'),
('J/192', 'Thavady South', 'Valikamam South'),
('J/193', 'Thavady East', 'Valikamam South'),
('J/194', 'Thavady North', 'Valikamam South'),
('J/195', 'Chunnakam Town North', 'Valikamam South'),
('J/196', 'Chunnakam Town  South', 'Valikamam South'),
('J/197', 'Chunnakam Town  East', 'Valikamam South'),
('J/198', 'Chunnakam Town  Centre', 'Valikamam South'),
('J/199', 'Chunnakam Town  West', 'Valikamam South'),
('J/200', 'Kantharodai', 'Valikamam South'),
('J/201', 'Erlalai West', 'Valikamam South'),
('J/202', 'Erlalai South West', 'Valikamam South'),
('J/203', 'Erlalai South', 'Valikamam South'),
('J/204', 'Erlalai East', 'Valikamam South'),
('J/205', 'Erlalai North', 'Valikamam South'),
('J/206', 'Erlalai Centre', 'Valikamam South'),
('J/207', 'Punnalaikadduvan South', 'Valikamam South'),
('J/208', 'Punnalaikadduvan  North', 'Valikamam South'),
('J/209', 'Evenai', 'Valikamam South'),
('J/210', 'Kuppilan South', 'Valikamam South'),
('J/211', 'Kuppilan  North', 'Valikamam South'),
('J/212', 'Mallakam South', 'Valikamam North'),
('J/213', 'Mallakam Centre', 'Valikamam North'),
('J/214', 'Mallakam North', 'Valikamam North'),
('J/215', 'Alaveddy North', 'Valikamam North'),
('J/216', 'Alaveddy Centre', 'Valikamam North'),
('J/217', 'Alaveddy East', 'Valikamam North'),
('J/218', 'Ganeswaram', 'Valikamam North'),
('J/219', 'Alaveddy South', 'Valikamam North'),
('J/220', 'Alaveddy West', 'Valikamam North'),
('J/221', 'Ilavalai North', 'Valikamam North'),
('J/222', 'Ilavalai North West', 'Valikamam North'),
('J/223', 'Vithahapuram', 'Valikamam North'),
('J/224', 'Pannalai', 'Valikamam North'),
('J/225', 'Kollankalady', 'Valikamam North'),
('J/226', 'Naguleswaram', 'Valikamam North'),
('J/227', 'Tellippalai East', 'Valikamam North'),
('J/228', 'Tellippalai', 'Valikamam North'),
('J/229', 'Thurkkapuram', 'Valikamam North'),
('J/230', 'Thanthai Chelvapuram', 'Valikamam North'),
('J/231', 'Maviddapuram', 'Valikamam North'),
('J/232', 'Maviddapuram South', 'Valikamam North'),
('J/233', 'Kankesanthurai West', 'Valikamam North'),
('J/234', 'Kankesanthurai Centre', 'Valikamam North'),
('J/235', 'Kankesanthurai South', 'Valikamam North'),
('J/236', 'Palai Veemankamam North', 'Valikamam North'),
('J/237', 'Palai Veemankamam South', 'Valikamam North'),
('J/238', 'Kadduvan', 'Valikamam North'),
('J/239', 'Kadduvan West', 'Valikamam North'),
('J/240', 'Thenmylai', 'Valikamam North'),
('J/241', 'Varuthalaivilan', 'Valikamam North'),
('J/242', 'Kurumpasiddy', 'Valikamam North'),
('J/243', 'Kurumpasiddy East', 'Valikamam North'),
('J/244', 'Vayavilan East', 'Valikamam North'),
('J/245', 'Vayavilan West', 'Valikamam North'),
('J/246', 'Myliddy North', 'Valikamam North'),
('J/247', 'Thyiddy East', 'Valikamam North'),
('J/248', 'Myliddyththurai South', 'Valikamam North'),
('J/249', 'Thyiddy North', 'Valikamam North'),
('J/250', 'Thyiddy South', 'Valikamam North'),
('J/251', 'Myliddyththurai North', 'Valikamam North'),
('J/252', 'Palaly South', 'Valikamam North'),
('J/253', 'Palaly East', 'Valikamam North'),
('J/254', 'Palaly North', 'Valikamam North'),
('J/255', 'Palaly North West', 'Valikamam North'),
('J/256', 'Palaly West', 'Valikamam North'),
('J/257', 'Irupalai South', 'Valikamam East'),
('J/258', 'Irupalai  East', 'Valikamam East'),
('J/259', 'Kalviyankadu', 'Valikamam East'),
('J/260', 'Kopay South', 'Valikamam East'),
('J/261', 'Kopay Centre', 'Valikamam East'),
('J/262', 'Kopay North', 'Valikamam East'),
('J/263', 'Urumpirai West', 'Valikamam East'),
('J/264', 'Urumpirai North', 'Valikamam East'),
('J/265', 'Urumpirai South', 'Valikamam East'),
('J/266', 'Urumpirai East', 'Valikamam East'),
('J/267', 'Urelu', 'Valikamam East'),
('J/268', 'Neervely South', 'Valikamam East'),
('J/269', 'Neervely North', 'Valikamam East'),
('J/270', 'Neervely West', 'Valikamam East'),
('J/271', 'Sirupiddy East', 'Valikamam East'),
('J/272', 'Sirupiddy West', 'Valikamam East'),
('J/273', 'Puttur West', 'Valikamam East'),
('J/274', 'Puttur North', 'Valikamam East'),
('J/275', 'Nawatkiri', 'Valikamam East'),
('J/276', 'Avarangal East', 'Valikamam East'),
('J/277', 'Avarangal West', 'Valikamam East'),
('J/278', 'Puttur East', 'Valikamam East'),
('J/279', 'Atchelu', 'Valikamam East'),
('J/280', 'Vatharavattai', 'Valikamam East'),
('J/281', 'Pathameny', 'Valikamam East'),
('J/282', 'Thampalai-Kathiripay', 'Valikamam East'),
('J/283', 'Iddaikkadu', 'Valikamam East'),
('J/284', 'Valalai', 'Valikamam East'),
('J/285', 'Atchuvely North', 'Valikamam East'),
('J/286', 'Atchuvely South', 'Valikamam East'),
('J/287', 'Atchuvely West', 'Valikamam East'),
('J/288', 'Kaithady North', 'Thenmaradchi'),
('J/289', 'Kaithady East', 'Thenmaradchi'),
('J/290', 'Kaithady Centre', 'Thenmaradchi'),
('J/291', 'Kaithady South', 'Thenmaradchi'),
('J/292', 'Kaithady South East', 'Thenmaradchi'),
('J/293', 'Kaithady West', 'Thenmaradchi'),
('J/294', 'Navatkuli West', 'Thenmaradchi'),
('J/295', 'Navatkuli East', 'Thenmaradchi'),
('J/296', 'Kovilakandy', 'Thenmaradchi'),
('J/297', 'Kaithady Navatkuli', 'Thenmaradchi'),
('J/298', 'Maravanpulo', 'Thenmaradchi'),
('J/299', 'Thanankilappu', 'Thenmaradchi'),
('J/300', 'Chavakachcheri Town', 'Thenmaradchi'),
('J/301', 'Kovilkudyiruppu', 'Thenmaradchi'),
('J/302', 'Sangathanai', 'Thenmaradchi'),
('J/303', 'Chavakachcheri North', 'Thenmaradchi'),
('J/304', 'Manduvil', 'Thenmaradchi'),
('J/305', 'Kalvayal', 'Thenmaradchi'),
('J/306', 'Nunavil East', 'Thenmaradchi'),
('J/307', 'Nunavil Centre', 'Thenmaradchi'),
('J/308', 'Nunavil West', 'Thenmaradchi'),
('J/309', 'Kaithady Nunavil', 'Thenmaradchi'),
('J/310', 'Thenmadduvil', 'Thenmaradchi'),
('J/311', 'Madduvil Nunavil', 'Thenmaradchi'),
('J/312', 'Madduvil Centre', 'Thenmaradchi'),
('J/313', 'Madduvil North', 'Thenmaradchi'),
('J/314', 'Madduvil East', 'Thenmaradchi'),
('J/315', 'Chandrapuram', 'Thenmaradchi'),
('J/316', 'Sarasalai South', 'Thenmaradchi'),
('J/317', 'Sarasalai North', 'Thenmaradchi'),
('J/318', 'Meesalai North', 'Thenmaradchi'),
('J/319', 'Meesalai West', 'Thenmaradchi'),
('J/320', 'Ramavil', 'Thenmaradchi'),
('J/321', 'Meesalai South', 'Thenmaradchi'),
('J/322', 'Allarai', 'Thenmaradchi'),
('J/323', 'Vellampokkady', 'Thenmaradchi'),
('J/324', 'Kachchai', 'Thenmaradchi'),
('J/325', 'Palavi', 'Thenmaradchi'),
('J/326', 'Kodikamam North', 'Thenmaradchi'),
('J/327', 'Kodikamam Centre', 'Thenmaradchi'),
('J/328', 'Kodikamam South', 'Thenmaradchi'),
('J/329', 'Usan', 'Thenmaradchi'),
('J/330', 'Karampaham', 'Thenmaradchi'),
('J/331', 'Vidaththalpalai', 'Thenmaradchi'),
('J/332', 'Ketpeli', 'Thenmaradchi'),
('J/333', 'Eluthumadduval South', 'Thenmaradchi'),
('J/334', 'Eluthumadduval North', 'Thenmaradchi'),
('J/335', 'Mirusuvil North', 'Thenmaradchi'),
('J/336', 'Mirusuvil South', 'Thenmaradchi'),
('J/337', 'Kudamiyan', 'Thenmaradchi'),
('J/338', 'Navatkadu', 'Thenmaradchi'),
('J/339', 'Varani North', 'Thenmaradchi'),
('J/340', 'Maaseri', 'Thenmaradchi'),
('J/341', 'Iddaikurichchi', 'Thenmaradchi'),
('J/342', 'Karampaikurichchi', 'Thenmaradchi'),
('J/343', 'Varani-Iyattalai', 'Thenmaradchi'),
('J/344', 'Thavalai- Iyattalai', 'Thenmaradchi'),
('J/345', 'Manthuvil East', 'Thenmaradchi'),
('J/346', 'Manthuvil West', 'Thenmaradchi'),
('J/347', 'Manthuvil North', 'Thenmaradchi'),
('J/348', 'Karanavai South', 'Vadamaradchi South West'),
('J/349', 'Karanavai West', 'Vadamaradchi South West'),
('J/350', 'Karanavai', 'Vadamaradchi South West'),
('J/351', 'Karanavai East', 'Vadamaradchi South West'),
('J/352', 'Udupiddy', 'Vadamaradchi South West'),
('J/353', 'Udupiddy North', 'Vadamaradchi South West'),
('J/354', 'Udupiddy South', 'Vadamaradchi South West'),
('J/355', 'Valvetty', 'Vadamaradchi South West'),
('J/356', 'Valvetty Centre', 'Vadamaradchi South West'),
('J/357', 'Samarabahu', 'Vadamaradchi South West'),
('J/358', 'Imayanan', 'Vadamaradchi South West'),
('J/359', 'Imayanan East', 'Vadamaradchi South West'),
('J/360', 'Karanavai North', 'Vadamaradchi South West'),
('J/361', 'Karanavai North West', 'Vadamaradchi South West'),
('J/362', 'Karanavai Centre', 'Vadamaradchi South West'),
('J/363', 'Karaveddy West', 'Vadamaradchi South West'),
('J/364', 'Karaveddy North', 'Vadamaradchi South West'),
('J/365', 'Karaveddy  South', 'Vadamaradchi South West'),
('J/366', 'Maththoni', 'Vadamaradchi South West'),
('J/367', 'Karaveddy Centre', 'Vadamaradchi South West'),
('J/368', 'Karaveddy East', 'Vadamaradchi South West'),
('J/369', 'Kaddaively', 'Vadamaradchi South West'),
('J/370', 'Thunnalai South', 'Vadamaradchi South West'),
('J/371', 'Thunnalai East', 'Vadamaradchi South West'),
('J/372', 'Thunnalai', 'Vadamaradchi South West'),
('J/373', 'Thunnalai Centre', 'Vadamaradchi South West'),
('J/374', 'Thunnalai West', 'Vadamaradchi South West'),
('J/375', 'Nelliaddy North', 'Vadamaradchi South West'),
('J/376', 'Nelliaddy', 'Vadamaradchi South West'),
('J/377', 'Nelliaddy East', 'Vadamaradchi South West'),
('J/378', 'Alvai', 'Vadamaradchi South West'),
('J/379', 'Alvai South', 'Vadamaradchi South West'),
('J/380', 'Alvai East', 'Vadamaradchi South West'),
('J/381', 'Aththai', 'Vadamaradchi South West'),
('J/382', 'Kapputhu', 'Vadamaradchi South West'),
('J/383', 'Thondamanaru South', 'Vadamaradchi North'),
('J/384', 'Thondamanaru North', 'Vadamaradchi North'),
('J/385', 'Kerudavil South', 'Vadamaradchi North'),
('J/386', 'Kerudavil North', 'Vadamaradchi North'),
('J/387', 'Kerudavil East', 'Vadamaradchi North'),
('J/388', 'Valvettithurai North West', 'Vadamaradchi North'),
('J/389', 'Valvettithurai North Centre', 'Vadamaradchi North'),
('J/390', 'Valvettithurai North East', 'Vadamaradchi North'),
('J/391', 'Valvettithurai South West', 'Vadamaradchi North'),
('J/392', 'Valvettithurai South East', 'Vadamaradchi North'),
('J/393', 'Polikandy West', 'Vadamaradchi North'),
('J/394', 'Polikandy East', 'Vadamaradchi North'),
('J/395', 'Polikandy South', 'Vadamaradchi North'),
('J/396', 'Alvai West', 'Vadamaradchi North'),
('J/397', 'Alvai North West', 'Vadamaradchi North'),
('J/398', 'Alvai North Centre', 'Vadamaradchi North'),
('J/399', 'Viyaparimoolai', 'Vadamaradchi North'),
('J/400', 'Alvai North', 'Vadamaradchi North'),
('J/401', 'Point Pedro', 'Vadamaradchi North'),
('J/402', 'Point Pedro South', 'Vadamaradchi North'),
('J/403', 'Point Pedro East', 'Vadamaradchi North'),
('J/404', 'Thumpalai', 'Vadamaradchi North'),
('J/405', 'Thumpalai East', 'Vadamaradchi North'),
('J/406', 'Katkovalam', 'Vadamaradchi North'),
('J/407', 'Puloly North', 'Vadamaradchi North'),
('J/408', 'Puloly North East', 'Vadamaradchi North'),
('J/409', 'Puloly Centre', 'Vadamaradchi North'),
('J/410', 'Puloly West', 'Vadamaradchi North'),
('J/411', 'Puloly South West', 'Vadamaradchi North'),
('J/412', 'Puloly North West', 'Vadamaradchi North'),
('J/413', 'Puloly East', 'Vadamaradchi North'),
('J/414', 'Puloly South', 'Vadamaradchi North'),
('J/415', 'Manthikai', 'Vadamaradchi North'),
('J/416', 'Vallipuram', 'Vadamaradchi North'),
('J/417', 'Thunnalai North', 'Vadamaradchi North'),
('J/418', 'Manalkadu', 'Vadamaradchi East'),
('J/419', 'Kudathanai', 'Vadamaradchi East'),
('J/420', 'Kudathanai Karaiyoor', 'Vadamaradchi East'),
('J/421', 'Potpathi', 'Vadamaradchi East'),
('J/422', 'Ampan', 'Vadamaradchi East'),
('J/423', 'Nagarkovil East', 'Vadamaradchi East'),
('J/424', 'Nagarkovil West', 'Vadamaradchi East'),
('J/425', 'Nagarkovil South', 'Vadamaradchi East'),
('J/426', 'Chempiyanpattu North', 'Vadamaradchi East'),
('J/427', 'Chempiyanpattu South', 'Vadamaradchi East'),
('J/428', 'Maruthankarny', 'Vadamaradchi East'),
('J/429', 'Vathirayan', 'Vadamaradchi East'),
('J/430', 'Uduthurai', 'Vadamaradchi East'),
('J/431', 'Aliyavalai', 'Vadamaradchi East'),
('J/432', 'Vetrilaikerny', 'Vadamaradchi East'),
('J/433', 'Mulliyan', 'Vadamaradchi East'),
('J/434', 'Pokkaruppu', 'Vadamaradchi East'),
('J/435', 'Chundikulam', 'Vadamaradchi East');

CREATE TABLE `pHIInMOHs` (
  `pHIRange` varchar(50) NOT NULL,
  `mOHArea` varchar(50) NOT NULL,
  PRIMARY KEY (`pHIRange`),
  CONSTRAINT phiinmohs_moh_area FOREIGN KEY (mOHArea) REFERENCES mOHInDistricts(mOHArea) ON UPDATE CASCADE
) ENGINE=InnoDB DEFAULT CHARSET=latin1;

INSERT INTO `pHIInMOHs` (`pHIRange`, `mOHArea`) VALUES
('Alaveddy', 'Tellippalai'),
('Allaipiddy', 'Kayts'),
('Alvai_II', 'Karaveddy'),
('Ampan', 'Point Pedro'),
('Anaikkodai', 'Sandilipay'),
('Arali', 'Chankanai'),
('Ariyalai', 'Jaffna'),
('Atchuvely_I', 'Kopay'),
('Atchuvely_II', 'Kopay'),
('Bazaar_I', 'Jaffna'),
('Bazaar_II', 'Jaffna'),
('Chankanai', 'Chankanai'),
('Chempiyanpattu', 'Point Pedro'),
('Chulipuram', 'Chankanai'),
('Chunakam_I', 'Uduvil'),
('Chunakam_II', 'Uduvil'),
('Columbuthurai', 'Jaffna'),
('Delft', 'Kayts'),
('Eluthumadduval', 'Chavakachcheri'),
('Erlalai', 'Uduvil'),
('Gurunagar_I', 'Jaffna'),
('Gurunagar_II', 'Jaffna'),
('Ilavalai', 'Sandilipay'),
('Inuvil', 'Uduvil'),
('Irupalai', 'Kopay'),
('Kaithady', 'Chavakachcheri'),
('Karainagar', 'Kayts'),
('Karanavai', 'Karaveddy'),
('Kayts', 'Kayts'),
('Kodikamam', 'Chavakachcheri'),
('Kokuvil_I', 'Nallur'),
('Kokuvil_II', 'Nallur'),
('Kondavil', 'Nallur'),
('Kopay', 'Kopay'),
('Madduvil', 'Chavakachcheri'),
('Mallakam', 'Tellippalai'),
('Manipay', 'Sandilipay'),
('Manthuvil', 'Chavakachcheri'),
('Meesalai', 'Chavakachcheri'),
('Moolai', 'Chankanai'),
('Nainathivu', 'Kayts'),
('Nallur', 'Nallur'),
('Navaly', 'Sandilipay'),
('Navatkuli', 'Chavakachcheri'),
('Nelliyady', 'Karaveddy'),
('Pandertharrippu', 'Sandilipay'),
('Point_Pedro_I', 'Point Pedro'),
('Point_Pedro_II', 'Point Pedro'),
('Puloly', 'Point Pedro'),
('Punguduthivu', 'Kayts'),
('Punnalaikadduvan', 'Uduvil'),
('Puttur', 'Kopay'),
('Sandilipay', 'Sandilipay'),
('Sarasalai', 'Chavakachcheri'),
('Siruppiddy', 'Kopay'),
('Sithankeny', 'Chankanai'),
('Suthumalai', 'Sandilipay'),
('Tellippalai', 'Tellippalai'),
('Thondaimanaru', 'Point Pedro'),
('Thunnalai', 'Karaveddy'),
('UCI', 'Chavakachcheri'),
('UCII', 'Chavakachcheri'),
('Udupiddy', 'Karaveddy'),
('Uduthurai', 'Point Pedro'),
('Uduvil', 'Uduvil'),
('Urumpirai', 'Kopay'),
('Vaddukoddai', 'Chankanai'),
('Valvettithurai', 'Point Pedro'),
('Vannar_Pannai', 'Jaffna'),
('Varani', 'Chavakachcheri'),
('Velanai', 'Kayts');

CREATE TABLE `doctors` (
  `userId` int(10) UNSIGNED NOT NULL,
  `firstName` text NOT NULL,
  `lastName` text NOT NULL,
  `gender` text NOT NULL,
  `doctorRegNo` varchar(10) NOT NULL,
  `designation` text NOT NULL,
  `addLine1` text NOT NULL,
  `addLine2` text,
  `province` varchar(50) NOT NULL,
  `district` varchar(50) NOT NULL,
  `contactNoOffice` text NOT NULL,
  `contactNoMobile` text NOT NULL,
  `hospital1` text NOT NULL,
  `hospital2` text,
  `hospital3` text,
  `hospital4` text,
  `hospital5` text,
  `otherHospital` text,
  `created_at` timestamp NULL DEFAULT NULL,
  `updated_at` timestamp NULL DEFAULT NULL,
  PRIMARY KEY (`doctorRegNo`),
  CONSTRAINT doctors_user_id FOREIGN KEY (userId) REFERENCES users(id) ON UPDATE CASCADE
) ENGINE=InnoDB DEFAULT CHARSET=latin1;

INSERT INTO `doctors` (`userId`, `firstName`, `lastName`, `gender`, `doctorRegNo`, `designation`, `addLine1`, `addLine2`, `province`, `district`, `contactNoOffice`, `contactNoMobile`, `hospital1`, `hospital2`, `hospital3`, `hospital4`, `hospital5`, `otherHospital`) VALUES
(1, 'Thirunavukarasu', 'Kumanan', 'Male', 'JDR101', 'Consultant Physician', '127/7 A', 'Temple Rd', 'Northern', 'Jaffna', ' 0212228129', '', 'Jaffna Teaching Hospital', 'Northern Central Hospitals', '', '', '', ''),
(12, 'T', 'Peranantharajah', 'Male', 'JDR102', 'Physician', '12 A', 'Palai Rd', 'Northern', 'Jaffna', '', '077 111 1111', 'Jaffna Teaching Hospital', 'Suharni Hospital', '', '', '', '');

CREATE TABLE `eUs` (
  `userId` int(10) UNSIGNED NOT NULL,
  `firstName` text NOT NULL,
  `lastName` text NOT NULL,
  `gender` text NOT NULL,
  `eUDiv` varchar(10) NOT NULL,
  `addLine1` text NOT NULL,
  `addLine2` text,
  `district` varchar(50) NOT NULL,
  `province` varchar(50) NOT NULL,
  `contactNoOffice` text NOT NULL,
  `contactNoMobile` text NOT NULL,
  `insName` varchar(50) NOT NULL,
  `created_at` timestamp NULL DEFAULT NULL,
  `updated_at` timestamp NULL DEFAULT NULL, 
  PRIMARY KEY (`eUDiv`),
  CONSTRAINT eus_user_id FOREIGN KEY (userId) REFERENCES users(id) ON UPDATE CASCADE
) ENGINE=InnoDB DEFAULT CHARSET=latin1;

INSERT INTO `eUs` (`userId`, `firstName`, `lastName`, `gender`, `eUDiv`, `addLine1`, `addLine2`, `district`, `province`, `contactNoOffice`, `contactNoMobile`, `insName`, `created_at`, `updated_at`) VALUES
(10, 'Ram', 'Pavan', 'Male', 'JEU101', '45, Palam Rd', 'Kandarmadam', 'Jaffna', 'Northern', '', '0777161561', 'Jaffna Teaching Hospital', '', '');

CREATE TABLE `mOHs` (
  `userId` int(10) UNSIGNED NOT NULL,
  `insName` varchar(50) NOT NULL,
  `firstName` text NOT NULL,
  `lastName` text NOT NULL,
  `gender` text NOT NULL,
  `mOHRegNo` varchar(10) NOT NULL,
  `mOHArea` varchar(50) NOT NULL,
  `addLine1` text NOT NULL,
  `addLine2` text,
  `province` varchar(50) NOT NULL,
  `district` varchar(50) NOT NULL,
  `contactNoOffice` text NOT NULL,
  `contactNoMobile` text NOT NULL,
  `created_at` timestamp NULL DEFAULT NULL,
  `updated_at` timestamp NULL DEFAULT NULL,
  PRIMARY KEY (`mOHRegNo`),
  CONSTRAINT mohs_user_id FOREIGN KEY (userId) REFERENCES users(id) ON UPDATE CASCADE,
  CONSTRAINT mohs_moh_area FOREIGN KEY (mOHArea) REFERENCES mOHInDistricts(mOHArea) ON UPDATE CASCADE
) ENGINE=InnoDB DEFAULT CHARSET=latin1;

INSERT INTO `mOHs` (`userId`, `insName`, `firstName`, `lastName`, `gender`, `mOHRegNo`, `mOHArea`, `addLine1`, `addLine2`, `province`, `district`, `contactNoOffice`, `contactNoMobile`) VALUES
(3, 'Jaffna Teaching Hospital', 'Aravinthan',  'Raveenran', 'Male', 'JMOH101', 'Jaffna', '17/8', 'Brown Rd', 'Northern', 'Jaffna', '0212342346', '');

CREATE TABLE `pHIs` (
  `userId` int(10) UNSIGNED NOT NULL,
  `insName` varchar(50) NOT NULL,
  `firstName` text NOT NULL,
  `lastName` text NOT NULL,
  `gender` text NOT NULL,
  `pHIRegNo` varchar(10) NOT NULL,
  `pHIRange` varchar(50) NOT NULL,
  `addLine1` text NOT NULL,
  `addLine2` text,
  `province` varchar(50) NOT NULL,
  `district` varchar(50) NOT NULL,
  `contactNoOffice` text NOT NULL,
  `contactNoMobile` text NOT NULL,
  `created_at` timestamp NULL DEFAULT NULL,
  `updated_at` timestamp NULL DEFAULT NULL,
  PRIMARY KEY (`pHIRegNo`),
  CONSTRAINT phis_user_id FOREIGN KEY (userId) REFERENCES users(id) ON UPDATE CASCADE,
  CONSTRAINT phis_phi_range FOREIGN KEY (pHIRange) REFERENCES pHIInMOHs(pHIRange) ON UPDATE CASCADE
) ENGINE=InnoDB DEFAULT CHARSET=latin1;

INSERT INTO `pHIs` (`userId`, `insName`, `firstName`, `lastName`, `gender`, `pHIRegNo`, `pHIRange`, `addLine1`, `addLine2`, `province`, `district`, `contactNoOffice`, `contactNoMobile`) VALUES
(5, 'Jaffna Teaching Hospital', 'Sam', 'Shama', 'Female', 'JPHI101', 'Nallur', '2 Udhaya Vasa', 'Browm Rd', 'Northern', 'Jaffna', '7868473645', '021 2227272');

CREATE TABLE `rDHSes` (
  `userId` int(10) UNSIGNED NOT NULL,
  `insName` varchar(50) NOT NULL,
  `firstName` text NOT NULL,
  `lastName` text NOT NULL,
  `gender` text NOT NULL,
  `rDHSDiv` varchar(50) NOT NULL,
  `addLine1` text NOT NULL,
  `addLine2` text,
  `province` varchar(50) NOT NULL,
  `district` varchar(50) NOT NULL,
  `contactNoOffice` text NOT NULL,
  `contactNoMobile` text NOT NULL,
  `created_at` timestamp NULL DEFAULT NULL,
  `updated_at` timestamp NULL DEFAULT NULL,
  PRIMARY KEY (`rDHSDiv`),
  CONSTRAINT rdhses_user_id FOREIGN KEY (userId) REFERENCES users(id) ON UPDATE CASCADE,
  CONSTRAINT rdhses_rdhs_div FOREIGN KEY (rDHSDiv) REFERENCES rDHSDivInDistricts(rDHSDiv) ON UPDATE CASCADE
) ENGINE=InnoDB DEFAULT CHARSET=latin1;

INSERT INTO `rDHSes` (`userId`, `insName`, `firstName`, `lastName`, `gender`, `rDHSDiv`, `addLine1`, `addLine2`, `province`, `district`, `contactNoOffice`, `contactNoMobile`) VALUES
(8, 'Jaffna Teaching Hospital', 'Maran ', 'Naven', 'Male', 'Jaffna', '34/2', 'Sivan Rd', 'Northern', 'Jaffna', '0753415267', '0212216356');

CREATE TABLE `patients` (
  `paId` int(11) NOT NULL AUTO_INCREMENT,
  `userId` int(10) UNSIGNED NOT NULL,
  `institute` varchar(50) NOT NULL,
  `insName` varchar(50) NOT NULL,
  `firstName` text NOT NULL,
  `lastName` text NOT NULL,
  `nickName` text,
  `nICNum` text NOT NULL,
  `gender` text NOT NULL,
  `birthDate` date DEFAULT NULL,
  `birthYear` int(4) DEFAULT NULL,
  `age` int(3) NOT NULL,
  `nextOfKinFirstName` text,
  `nextOfKinLastName` text,
  `childGuardian` text,
  `childGuardianFirstName` text,
  `childGuardianLastName` text,
  `ethnicGroup` text,
  `resAddLine1` text NOT NULL,
  `resAddLine2` text,
  `resGSDivName` varchar(50),
  `resGSDiv` text,
  `resDSDiv` varchar(50),
  `resDistrict` varchar(50) NOT NULL,
  `resProvince` varchar(50) NOT NULL,  
  `resMOHArea` varchar(50) NOT NULL,
  `resPHIRange` varchar(50) NOT NULL,
  `resLandmark` text NOT NULL,
  `sameAddress` text NOT NULL,
  `curAddLine1` text NOT NULL,
  `curAddLine2` text,
  `curGSDivName` varchar(50),
  `curGSDiv` text,
  `curDSDiv` varchar(50),
  `curDistrict` varchar(50) NOT NULL,
  `curProvince` varchar(50) NOT NULL,  
  `curMOHArea` varchar(50) NOT NULL,
  `curPHIRange` varchar(50) NOT NULL,
  `curLandmark` text NOT NULL,
  `contactNoMobile` text NOT NULL,
  `contactNoHome` text NOT NULL,
  `visitArea` text,
  `created_at` timestamp NULL DEFAULT NULL,
  `updated_at` timestamp NULL DEFAULT NULL,
  PRIMARY KEY (`paId`),
  CONSTRAINT pa_user_id FOREIGN KEY (userId) REFERENCES users(id) ON UPDATE CASCADE,
  CONSTRAINT pa_cur_moh_area FOREIGN KEY (curMOHArea) REFERENCES mOHInDistricts(mOHArea) ON UPDATE CASCADE
) ENGINE=InnoDB DEFAULT CHARSET=latin1;

INSERT INTO `patients` (`paId`, `userId`, `institute`, `insName`, `firstName`, `lastName`, `nickName`, `nICNum`, `gender`, `birthDate`, `birthYear`, `age`, `nextOfKinFirstName`, `nextOfKinLastName`, `childGuardian`, `childGuardianFirstName`, `childGuardianLastName`, `ethnicGroup`, `resAddLine1`, `resAddLine2`, `resGSDivName`, `resGSDiv`, `resDSDiv`, `resDistrict`, `resProvince`, `resMOHArea`, `resPHIRange`, `resLandmark`, `sameAddress`, `curAddLine1`, `curAddLine2`, `curGSDivName`, `curGSDiv`, `curDSDiv`, `curDistrict`, `curProvince`, `curMOHArea`, `curPHIRange`, `curLandmark`, `contactNoMobile`, `contactNoHome`, `visitArea`, `created_at`, `updated_at`) VALUES
(1, 1, 'Private', 'Nagaa Medical Centre', 'Rija', 'Palu', '', '851382783V', 'Male', '0000-00-00', 2000, 18, 'Priyanka', 'Dhoni', '', '', '', '', '23 Navalar Road', '', 'Gurunagar West', 'J/71', 'Jaffna', 'Jaffna', 'Northern', 'Kopay', 'Puttur', 'Infront of Navalar Cultural Hall', 'yes', '23 Navalar Road', '', 'Gurunagar West', 'J/71', 'Jaffna', 'Jaffna', 'Northern', 'Jaffna', 'Ariyalai', 'Infront of Navalar Cultural Hall', '0771546238', '0212219947', '', NULL, NULL),
(2, 12, 'Private', 'Renny Dental and Optical Service', 'Thiya', 'Rajendran', '', '878382783V', 'Male', '2014-01-16', 0, 3, 'Priyanka', 'Dhoni', '', '', '', '', '23 Navalar Road', '', 'Fort', 'J/81', 'Jaffna', 'Jaffna', 'Northern', 'Nallur', 'Nallur', 'Infront of Navalar Cultural Hall', 'yes', '23 Navalar Road', '', 'Fort', 'J/81', 'Jaffna', 'Jaffna', 'Northern', 'Nallur', 'Nallur', 'Infront of Navalar Cultural Hall', '0764851289', '0212219947', '', NULL, NULL),
(3, 1, 'Private', 'Nagaa Medical Centre', 'Shadshi', 'Sai', 'Shan', '845468783V', 'Female', '2015-01-06', 0, 2, '', '', 'Mother', 'Shan', 'Sri', '', '67, Palam Road', 'Kandarmadam', 'Nallur North', 'J/106', 'Nallur', 'Jaffna', 'Northern', 'Jaffna', 'Bazaar_I', 'Infront of Navalar Cultural Hall', 'no', '67, Palam Road', '', 'Kodday', 'J/83', 'Jaffna', 'Jaffna', 'Northern', 'Kayts', 'Velanai', 'Infront of Navalar Cultural Hall', '0771771134', '0212221546', '', NULL, NULL),
(4, 1, 'Government', 'Jaffna Teaching Hospital', 'Nithya', 'Sameer', NULL, '200465675675', 'Female', '2010-11-08', NULL, 8, NULL, NULL, 'Mother', 'Thana', 'Siththath', NULL, '3 Vembadi Road', NULL, 'Colompuththurai East', 'J/62', 'Jaffna', 'Jaffna', 'Northern', 'Point Pedro', 'Thondaimanaru', 'School', 'no', '4 Rakka Road', NULL, 'Gurunagar West', 'J/71', 'Jaffna', 'Jaffna', 'Northern', 'Jaffna', 'Bazaar_II', 'Library', '0777152436', '0212214551', NULL, '2018-11-27 01:30:54', '2018-11-27 01:30:54');

CREATE TABLE `notifications` (
  `id` int(11) NOT NULL AUTO_INCREMENT,
  `userId` int(10) UNSIGNED NOT NULL,
  `paId` int(11) NOT NULL,
  `status` varchar(10) NOT NULL,
  `institute` varchar(50) NOT NULL,
  `insName` varchar(50) NOT NULL,
  `diseaseGroup` text NOT NULL,
  `diseaseName` text NOT NULL,
  `onsetDate` date NOT NULL,
  `admissionDate` date NOT NULL,
  `regOrBHTNo` varchar(50) NOT NULL,
  `ward` text,
  `labResults` text NOT NULL,
  `ns1` text,
  `igm` text,
  `igg` text,
  `designation` text NOT NULL,
  `created_at` timestamp NULL DEFAULT NULL,
  `updated_at` timestamp NULL DEFAULT NULL,
  PRIMARY KEY (`id`),
  UNIQUE KEY `noti_regOrBHTNo_unique` (`regOrBHTNo`),
  CONSTRAINT noti_user_id FOREIGN KEY (userId) REFERENCES users(id) ON UPDATE CASCADE,
  CONSTRAINT noti_pa_id FOREIGN KEY (paId) REFERENCES patients(paId) ON UPDATE CASCADE
) ENGINE=InnoDB DEFAULT CHARSET=latin1 AUTO_INCREMENT=1 ;

INSERT INTO `notifications` (`id`, `userId`, `paId`, `status`, `institute`, `insName`, `diseaseGroup`, `diseaseName`, `onsetDate`, `admissionDate`, `regOrBHTNo`, `ward`, `labResults`, `ns1`, `igm`, `igg`, `designation`) VALUES
(1, 1, 1, 'draft', 'Private', 'Nagaa Medical Centre', 'Group A', 'Plague', '2017-01-03', '2017-01-13', 'BHT23', '', 'yes', 'positive', '', 'negative', 'General Physician'),
(2, 1, 2, 'sent', 'Private', 'Renny Dental and Optical Service', 'Group B', 'Dysentery', '2017-01-02', '2017-01-12', 'JTH70084', '14', 'no', '', '', '', 'Physician'),
(3, 1, 3, 'draft', 'Private', 'Nagaa Medical Centre', 'Group A', 'Cholera', '2015-01-13', '2015-01-14', 'BHT10', '', 'yes', 'positive', 'negative', '', 'Consultant Physician'),
(4, 1, 4, 'sent', 'Government', 'Jaffna Teaching Hospital', 'Group B', 'Dengue Fever / Dengue Haemorrhagic Fever', '2018-11-07', '2018-11-14', 'BHT11', NULL, 'yes', NULL, NULL, 'positive', 'Consultant Physician');

CREATE TABLE `h411as` (
  `h411aRecordId` int(11) NOT NULL AUTO_INCREMENT,
  `rDHSDiv` varchar(50) NOT NULL,
  `mOHArea` varchar(50) NOT NULL,
  `mOHRegNo` varchar(10) NOT NULL,
  `status` varchar(10) NOT NULL,
  `notifiedDisease` text NOT NULL,
  `notificationDate` date NOT NULL,
  `confirmedDisease` text NOT NULL,
  `confirmationDate` date NOT NULL,
  `birthDate` date DEFAULT NULL,
  `birthYear` int(4) DEFAULT NULL,
  `age` int(3) NOT NULL,
  `gender` text NOT NULL,
  `confirmedBy` text NOT NULL,
  `occupation` text NOT NULL,
  `sourceOfNotify` text NOT NULL,
  `natureOfConf` text NOT NULL,
  `officeUseOnly` text DEFAULT NULL,
  `specify` text,
  `created_at` timestamp NULL DEFAULT NULL,
  `updated_at` timestamp NULL DEFAULT NULL,
  PRIMARY KEY (`h411aRecordId`),
  CONSTRAINT h411a_moh_reg_no FOREIGN KEY (mOHRegNo) REFERENCES mOHs(mOHRegNo) ON UPDATE CASCADE,
  CONSTRAINT h411as_rdhs_div FOREIGN KEY (rDHSDiv) REFERENCES rDHSDivInDistricts(rDHSDiv) ON UPDATE CASCADE,
  CONSTRAINT h411as_moh_area FOREIGN KEY (mOHArea) REFERENCES mOHInDistricts(mOHArea) ON UPDATE CASCADE
) ENGINE=InnoDB DEFAULT CHARSET=latin1;

INSERT INTO `h411as` (`h411aRecordId`, `rDHSDiv`, `mOHArea`, `mOHRegNo`, `status`, `notifiedDisease`, `notificationDate`, `confirmedDisease`, `confirmationDate`, `birthDate`, `birthYear`, `age`, `gender`, `confirmedBy`, `occupation`, `sourceOfNotify`, `natureOfConf`, `officeUseOnly`, `specify`, `created_at`, `updated_at`) VALUES
(1, 'Jaffna', 'Jaffna', 'JMOH101', 'draft', 'Cholera', '2018-12-06', 'Human Rabies', '2018-12-28', '2012-12-10', NULL, 6, 'Male', 'Apothecary', 'Teacher', 'Ayurvedic Physician', 'Clinical, Bacteriological and Serological', 'Show new symptoms', '', '2018-12-29 00:28:18', '2018-12-29 00:28:18'),
(2, 'Jaffna', 'Jaffna', 'JMOH101', 'sent', 'Diphtheria', '2018-12-13', 'Enteric Fever', '2018-12-16', NULL, 1999, 19, 'Female', 'Hospital M.O', 'Student', 'Other Source', 'Clinical and Bacteriological', NULL, 'HOD', '2018-12-29 00:30:26', '2018-12-29 00:30:26');

CREATE TABLE `h411s` (
  `h411RecordId` int(11) NOT NULL AUTO_INCREMENT,
  `pHIRegNo` varchar(10) NOT NULL,
  `pHIRange` varchar(50) NOT NULL,
  `mOHNotifyNo` text NOT NULL,
  `mOHArea` varchar(50) NOT NULL,
  `mOHRegNo` varchar(10) NOT NULL,
  `status` varchar(10) NOT NULL,
  `diseaseNotified` text NOT NULL,
  `dateNotified` date NOT NULL,
  `diseaseConfirmed` text NOT NULL,
  `dateConfirmed` date NOT NULL,
  `firstName` text NOT NULL,
  `lastName` text NOT NULL,
  `birthDate` date DEFAULT NULL,
  `birthYear` int(4) DEFAULT NULL,
  `age` int(3) NOT NULL,
  `gender` text NOT NULL,
  `addLine1` text NOT NULL,
  `addLine2` text,
  `gSDivName` varchar(50) NOT NULL,
  `gSDiv` text NOT NULL,
  `dSDiv` varchar(50) NOT NULL,
  `district` varchar(50) NOT NULL,
  `province` varchar(50) NOT NULL,
  `addMOHArea` varchar(50) NOT NULL,
  `addPHIRange` varchar(50) NOT NULL,
  `ethnicGroup` text,
  `dateOnset` date NOT NULL,
  `dateHospitalisation` date NOT NULL,
  `dateDischarge` date NOT NULL,
  `hospitalName` text NOT NULL,
  `movement` text,
  `outcome` text NOT NULL,
  `whereIsolated` text NOT NULL,
  `labFinding` text,
  `firstNameHousehold1` text,
  `lastNameHousehold1` text,
  `ageHousehold1` int(3),
  `dateSeenHousehold1` date,
  `observationHousehold1` text,
  `firstNameHousehold2` text,
  `lastNameHousehold2` text,
  `ageHousehold2` int(3),
  `dateSeenHousehold2` date,
  `observationHousehold2` text,
  `firstNameOther1` text,
  `lastNameOther1` text,
  `ageOther1` int(3),
  `dateSeenOther1` date,
  `observationOther1` text,
  `firstNameOther2` text,
  `lastNameOther2` text,
  `ageOther2` int(3),
  `dateSeenOther2` date,
  `observationOther2` text,
  `symptomsDevelopment` text,
  `treatmentType` text NOT NULL,
  `complications` text,
  `infectionSource` text NOT NULL,
  `sourceReduction` text,
  `bioControl` text,
  `habitatModification` text,
  `otherControl` text,
  `removeGabage` text,
  `removeWaterStore` text,
  `useMosquitoNet` text,
  `useInsectRepellent` text,
  `otherPrevent` text,
  `followUp` text,
  `created_at` timestamp NULL DEFAULT NULL,
  `updated_at` timestamp NULL DEFAULT NULL,
  PRIMARY KEY (`h411RecordId`),
  CONSTRAINT h411_phi_reg_no FOREIGN KEY (pHIRegNo) REFERENCES pHIs(pHIRegNo) ON UPDATE CASCADE,
  CONSTRAINT h411s_moh_area FOREIGN KEY (mOHArea) REFERENCES mOHInDistricts(mOHArea) ON UPDATE CASCADE
) ENGINE=InnoDB DEFAULT CHARSET=latin1;

INSERT INTO `h411s` (`h411RecordId`, `pHIRegNo`, `pHIRange`, `mOHNotifyNo`, `mOHArea`, `mOHRegNo`, `status`, `diseaseNotified`, `dateNotified`, `diseaseConfirmed`, `dateConfirmed`, `firstName`, `lastName`, `birthDate`, `birthYear`, `age`, `gender`, `addLine1`, `addLine2`, `gSDivName`, `gSDiv`, `dSDiv`, `district`, `province`, `addMOHArea`, `addPHIRange`, `ethnicGroup`, `dateOnset`, `dateHospitalisation`, `dateDischarge`, `hospitalName`, `movement`, `outcome`, `whereIsolated`, `labFinding`, `firstNameHousehold1`, `lastNameHousehold1`, `ageHousehold1`, `dateSeenHousehold1`, `observationHousehold1`, `firstNameHousehold2`, `lastNameHousehold2`, `ageHousehold2`, `dateSeenHousehold2`, `observationHousehold2`, `firstNameOther1`, `lastNameOther1`, `ageOther1`, `dateSeenOther1`, `observationOther1`, `firstNameOther2`, `lastNameOther2`, `ageOther2`, `dateSeenOther2`, `observationOther2`, `symptomsDevelopment`, `treatmentType`, `complications`, `infectionSource`, `sourceReduction`, `bioControl`, `habitatModification`, `otherControl`, `removeGabage`, `removeWaterStore`, `useMosquitoNet`, `useInsectRepellent`, `otherPrevent`, `followUp`, `created_at`, `updated_at`) VALUES
(1, 'JPHI101', 'Vannar_Pannai', '001', 'Jaffna', 'JMOH102', 'sent', 'Diphtheria', '2018-12-04', 'Encephalitis', '2018-12-12', 'Niru', 'Sam', '1990-12-12', NULL, 28, 'Male', 'add1', NULL, 'Maruthady', 'J/77', 'Jaffna', 'Jaffna', 'Northern', 'Point Pedro', 'Uduthurai', 'Indian Tamil', '2018-12-10', '2018-12-12', '2018-12-22', 'Care & Cure', 'Vavuniya', 'Still in ward', 'Hospital', 'Negative', 'Vino', 'Haran', 32, '2018-12-12', 'Normal', NULL, NULL, NULL, NULL, NULL, NULL, NULL, NULL, NULL, NULL, NULL, NULL, NULL, NULL, NULL, 'Fine', 'Western', NULL, 'Outside', NULL, NULL, NULL, 'Yes', NULL, 'Yes', NULL, 'Yes', NULL, 'Ok', '2018-12-29 01:40:08', '2018-12-29 01:40:08'),
(2, 'JPHI101', 'Nallur', '002', 'Nallur', 'JMOH102', 'draft', 'Chicken Pox', '2018-12-11', 'Measles', '2018-12-19', 'Tharu', 'Krishna', '2011-12-12', NULL, 7, 'Female', 'add1', NULL, 'Eachchamodai', 'J/66', 'Jaffna', 'Jaffna', 'Northern', 'Point Pedro', 'Point_Pedro_I', 'Indian Tamil', '2018-12-12', '2018-12-19', '2018-12-20', 'Northern Central Hospitals (pvt)', NULL, 'Still in ward', 'Hospital', NULL, NULL, NULL, NULL, NULL, NULL, NULL, NULL, NULL, NULL, NULL, NULL, NULL, NULL, NULL, NULL, NULL, NULL, NULL, NULL, NULL, NULL, 'No Treatement', NULL, 'Working Place', NULL, NULL, NULL, 'Yes', 'Yes', NULL, 'Yes', NULL, 'Yes', NULL, '2018-12-29 03:34:04', '2018-12-29 03:34:04');

CREATE TABLE `h399s` (
  `h399RecordId` int(11) NOT NULL AUTO_INCREMENT,
  `status` varchar(10) NOT NULL,
  `weekEndDate` date NOT NULL,
  `province` varchar(50) NOT NULL,
  `district` varchar(50) NOT NULL,
  `rDHSDiv` varchar(50) NOT NULL,
  `mOHArea` varchar(50) NOT NULL,
  `created_at` timestamp NULL DEFAULT NULL,
  `updated_at` timestamp NULL DEFAULT NULL,
  PRIMARY KEY (`h399RecordId`),
  CONSTRAINT h399s_district FOREIGN KEY (district) REFERENCES districtInProvinces(district) ON UPDATE CASCADE,
  CONSTRAINT h399s_rdhs_div FOREIGN KEY (rDHSDiv) REFERENCES rDHSDivInDistricts(rDHSDiv) ON UPDATE CASCADE,
  CONSTRAINT h399s_moh_area FOREIGN KEY (mOHArea) REFERENCES mOHInDistricts(mOHArea) ON UPDATE CASCADE
) ENGINE=InnoDB DEFAULT CHARSET=latin1;

INSERT INTO `h399s` (`h399RecordId`, `status`, `weekEndDate`, `province`, `district`, `rDHSDiv`, `mOHArea`, `created_at`, `updated_at`) VALUES
(1, 'draft', '2018-12-15', 'Northern', 'Jaffna', 'Jaffna', 'Jaffna', '2019-01-11 09:09:25', '2019-01-11 09:09:25'),
(2, 'sent', '2019-01-05', 'Northern', 'Jaffna', 'Jaffna', 'Jaffna', '2019-01-11 09:09:54', '2019-01-11 09:09:54');

CREATE TABLE `totals` (
  `h399RecordId` int(11) NOT NULL,
  `mOHArea` varchar(50) NOT NULL,
  `internationallyNotifiableDiseases` int(5) NOT NULL DEFAULT 0,
  `acutePoliomyelitis` int(5) NOT NULL DEFAULT 0,
  `chickenPox` int(5) NOT NULL DEFAULT 0,
  `dengueFever` int(5) NOT NULL NOT NULL DEFAULT 0,
  `diphtheria` int(5) NOT NULL DEFAULT 0,
  `dysentery` int(5) NOT NULL DEFAULT 0,
  `encephalitis` int(5) NOT NULL DEFAULT 0,
  `entericFever` int(5) NOT NULL DEFAULT 0,
  `foodPoisoning` int(5) NOT NULL DEFAULT 0,
  `humanRabies` int(5) NOT NULL DEFAULT 0,
  `leishmaniasis` int(5) NOT NULL DEFAULT 0,
  `leprosy` int(5) NOT NULL DEFAULT 0,
  `leptospirosis` int(5) NOT NULL DEFAULT 0,
  `malaria` int(5) NOT NULL DEFAULT 0,
  `neasles` int(5) NOT NULL NOT NULL DEFAULT 0,
  `meningities` int(5) NOT NULL DEFAULT 0,
  `mumps` int(5) NOT NULL DEFAULT 0,
  `neonatalTetanus` int(5) NOT NULL DEFAULT 0,
  `rubella` int(5) NOT NULL NOT NULL DEFAULT 0,
  `simpleConFever` int(5) NOT NULL DEFAULT 0,
  `tetanus` int(5) NOT NULL DEFAULT 0,
  `tuberculosis` int(5) NOT NULL NOT NULL DEFAULT 0,
  `typhusFever` int(5) NOT NULL DEFAULT 0,
  `viralHepatitis` int(5) NOT NULL NOT NULL DEFAULT 0,
  `whoopingCough` int(5) NOT NULL DEFAULT 0,
  `created_at` timestamp NULL DEFAULT NULL,
  `updated_at` timestamp NULL DEFAULT NULL,
  PRIMARY KEY (`h399RecordId`, `mOHArea`),
  CONSTRAINT totals_h399_record_id FOREIGN KEY (h399RecordId) REFERENCES h399s(h399RecordId) ON UPDATE CASCADE,
  CONSTRAINT totals_moh_area FOREIGN KEY (mOHArea) REFERENCES mOHInDistricts(mOHArea) ON UPDATE CASCADE
) ENGINE=InnoDB DEFAULT CHARSET=latin1;

INSERT INTO `totals` (`h399RecordId`, `mOHArea`, `internationallyNotifiableDiseases`, `acutePoliomyelitis`, `chickenPox`, `dengueFever`, `diphtheria`, `dysentery`, `encephalitis`, `entericFever`, `foodPoisoning`, `humanRabies`, `leishmaniasis`, `leprosy`, `leptospirosis`, `malaria`, `neasles`, `meningities`, `mumps`, `neonatalTetanus`, `rubella`, `simpleConFever`, `tetanus`, `tuberculosis`, `typhusFever`, `viralHepatitis`, `whoopingCough`, `created_at`, `updated_at`) VALUES
(1, 'Jaffna', 1, 0, 0, 1, 0, 0, 0, 0, 0, 0, 0, 0, 0, 0, 0, 0, 0, 0, 0, 0, 0, 0, 0, 0, 0, '2019-01-11 09:09:25', '2019-01-11 09:09:25'),
(2, 'Jaffna', 1, 0, 0, 1, 0, 0, 0, 0, 0, 0, 0, 0, 0, 0, 0, 0, 0, 0, 0, 0, 0, 0, 0, 0, 0, '2019-01-11 09:09:55', '2019-01-11 09:09:55');

CREATE TABLE `weeklySummarys` (
  `h399RecordId` int(11) NOT NULL,
  `summary` varchar(100) NOT NULL,
  `internationallyNotifiableDiseases` int(5) DEFAULT '0',
  `acutePoliomyelitis` int(5) DEFAULT '0',
  `chickenPox` int(5) DEFAULT '0',
  `dengueFever` int(5) DEFAULT '0',
  `diphtheria` int(5) DEFAULT '0',
  `dysentery` int(5) DEFAULT '0',
  `encephalitis` int(5) DEFAULT '0',
  `entericFever` int(5) DEFAULT '0',
  `foodPoisoning` int(5) DEFAULT '0',
  `humanRabies` int(5) DEFAULT '0',
  `leishmaniasis` int(5) DEFAULT '0',
  `leprosy` int(5) DEFAULT '0',
  `leptospirosis` int(5) DEFAULT '0',
  `malaria` int(5) DEFAULT '0',
  `neasles` int(5) DEFAULT '0',
  `meningities` int(5) DEFAULT '0',
  `mumps` int(5) DEFAULT '0',
  `neonatalTetanus` int(5) DEFAULT '0',
  `rubella` int(5) DEFAULT '0',
  `simpleConFever` int(5) DEFAULT '0',
  `tetanus` int(5) DEFAULT '0',
  `tuberculosis` int(5) DEFAULT '0',
  `typhusFever` int(5) DEFAULT '0',
  `viralHepatitis` int(5) DEFAULT '0',
  `whoopingCough` int(5) DEFAULT '0',
  `created_at` timestamp NULL DEFAULT NULL,
  `updated_at` timestamp NULL DEFAULT NULL,
  PRIMARY KEY (`h399RecordId`, `summary`),
  CONSTRAINT weeklysummarys_h399_record_id FOREIGN KEY (h399RecordId) REFERENCES h399s(h399RecordId) ON UPDATE CASCADE
) ENGINE=InnoDB DEFAULT CHARSET=latin1;

INSERT INTO `weeklySummarys` (`h399RecordId`, `summary`, `internationallyNotifiableDiseases`, `acutePoliomyelitis`, `chickenPox`, `dengueFever`, `diphtheria`, `dysentery`, `encephalitis`, `entericFever`, `foodPoisoning`, `humanRabies`, `leishmaniasis`, `leprosy`, `leptospirosis`, `malaria`, `neasles`, `meningities`, `mumps`, `neonatalTetanus`, `rubella`, `simpleConFever`, `tetanus`, `tuberculosis`, `typhusFever`, `viralHepatitis`, `whoopingCough`, `created_at`, `updated_at`) VALUES
(1, 'Cases awaiting investigation at the end of the week', 0, 0, 0, 0, 0, 0, 0, 0, 0, 0, 0, 0, 0, 0, 0, 0, 0, 0, 0, 0, 0, 0, 0, 0, 0, '2019-01-11 09:09:26', '2019-01-11 09:09:26'),
(1, 'Cases confirmed as a non-notifiable disease during the week', 0, 0, 0, 0, 0, 0, 0, 0, 0, 0, 0, 0, 0, 0, 0, 0, 0, 0, 0, 0, 0, 0, 0, 0, 0, '2019-01-11 09:09:26', '2019-01-11 09:09:26'),
(1, 'Cases confirmed as a notifiable disease during the week', 0, 0, 0, 0, 0, 0, 0, 0, 0, 0, 0, 0, 0, 0, 0, 0, 0, 0, 0, 0, 0, 0, 0, 0, 0, '2019-01-11 09:09:26', '2019-01-11 09:09:26'),
(1, 'Cases decided as belonging to other MOH areas during the week', 0, 0, 0, 0, 0, 0, 8, 0, 0, 0, 0, 0, 0, 0, 0, 0, 0, 0, 0, 0, 0, 0, 0, 0, 0, '2019-01-11 09:09:25', '2019-01-11 09:09:25'),
(1, 'Cases decided as untraceable during the week', 54, 0, 0, 0, 0, 0, 0, 0, 0, 0, 0, 0, 0, 0, 0, 0, 0, 0, 0, 0, 0, 0, 0, 0, 0, '2019-01-11 09:09:25', '2019-01-11 09:09:25'),
(1, 'Cases informed earlier and awaiting investigation at beginning of the week', 0, 28, 0, 0, 0, 0, 0, 0, 0, 0, 0, 0, 0, 0, 0, 0, 0, 0, 0, 0, 0, 0, 0, 0, 0, '2019-01-11 09:09:25', '2019-01-11 09:09:25'),
(1, 'New cases notified during the week', 5, 0, 0, 68, 0, 0, 0, 0, 0, 0, 0, 0, 0, 0, 0, 0, 0, 0, 0, 0, 0, 0, 0, 0, 0, '2019-01-11 09:09:25', '2019-01-11 09:09:25'),
(2, 'Cases awaiting investigation at the end of the week', 0, 0, 0, 0, 0, 0, 0, 0, 0, 0, 0, 0, 0, 0, 0, 0, 0, 0, 0, 0, 0, 0, 0, 0, 0, '2019-01-11 09:09:56', '2019-01-11 09:09:56'),
(2, 'Cases confirmed as a non-notifiable disease during the week', 0, 0, 0, 0, 0, 0, 0, 0, 0, 0, 0, 0, 0, 0, 0, 0, 0, 0, 0, 0, 0, 0, 0, 0, 0, '2019-01-11 09:09:55', '2019-01-11 09:09:55'),
(2, 'Cases confirmed as a notifiable disease during the week', 0, 0, 0, 0, 0, 0, 0, 0, 0, 0, 0, 0, 0, 0, 0, 0, 0, 0, 0, 0, 0, 0, 0, 0, 0, '2019-01-11 09:09:56', '2019-01-11 09:09:56'),
(2, 'Cases decided as belonging to other MOH areas during the week', 0, 0, 0, 0, 0, 0, 0, 0, 0, 0, 0, 0, 0, 0, 0, 0, 0, 0, 0, 0, 0, 0, 0, 0, 0, '2019-01-11 09:09:55', '2019-01-11 09:09:55'),
(2, 'Cases decided as untraceable during the week', 23, 0, 0, 0, 0, 0, 0, 0, 0, 0, 0, 0, 0, 0, 0, 0, 0, 0, 0, 0, 0, 0, 0, 0, 0, '2019-01-11 09:09:55', '2019-01-11 09:09:55'),
(2, 'Cases informed earlier and awaiting investigation at beginning of the week', 0, 0, 0, 2, 0, 0, 0, 0, 0, 0, 0, 0, 0, 0, 0, 0, 0, 0, 0, 0, 0, 0, 0, 0, 0, '2019-01-11 09:09:55', '2019-01-11 09:09:55'),
(2, 'New cases notified during the week', 0, 89, 0, 0, 0, 0, 0, 0, 0, 0, 0, 0, 0, 0, 0, 0, 0, 0, 0, 0, 0, 0, 0, 0, 0, '2019-01-11 09:09:55', '2019-01-11 09:09:55');

CREATE TABLE `chankanais` (
  `h399RecordId` int(11) NOT NULL,
  `pHIRange` varchar(50) NOT NULL,
  `internationallyNotifiableDiseases` int(5) DEFAULT 0,
  `acutePoliomyelitis` int(5) DEFAULT 0,
  `chickenPox` int(5) DEFAULT 0,
  `dengueFever` int(5) DEFAULT 0,
  `diphtheria` int(5) DEFAULT 0,
  `dysentery` int(5) DEFAULT 0,
  `encephalitis` int(5) DEFAULT 0,
  `entericFever` int(5) DEFAULT 0,
  `foodPoisoning` int(5) DEFAULT 0,
  `humanRabies` int(5) DEFAULT 0,
  `leishmaniasis` int(5) DEFAULT 0,
  `leprosy` int(5) DEFAULT 0,
  `leptospirosis` int(5) DEFAULT 0,
  `malaria` int(5) DEFAULT 0,
  `neasles` int(5) DEFAULT 0,
  `meningities` int(5) DEFAULT 0,
  `mumps` int(5) DEFAULT 0,
  `neonatalTetanus` int(5) DEFAULT 0,
  `rubella` int(5) DEFAULT 0,
  `simpleConFever` int(5) DEFAULT 0,
  `tetanus` int(5) DEFAULT 0,
  `tuberculosis` int(5) DEFAULT 0,
  `typhusFever` int(5) DEFAULT 0,
  `viralHepatitis` int(5) DEFAULT 0,
  `whoopingCough` int(5) DEFAULT 0,
  `created_at` timestamp NULL DEFAULT NULL,
  `updated_at` timestamp NULL DEFAULT NULL,
  PRIMARY KEY (`h399RecordId`, `pHIRange`),
  CONSTRAINT chankanais_h399_record_id FOREIGN KEY (h399RecordId) REFERENCES h399s(h399RecordId) ON UPDATE CASCADE,
  CONSTRAINT chankanais_phi_range FOREIGN KEY (pHIRange) REFERENCES pHIInMOHs(pHIRange) ON UPDATE CASCADE
) ENGINE=InnoDB DEFAULT CHARSET=latin1;

CREATE TABLE `chavakachcheris` (
  `h399RecordId` int(11) NOT NULL,
  `pHIRange` varchar(50) NOT NULL,
  `internationallyNotifiableDiseases` int(5) DEFAULT 0,
  `acutePoliomyelitis` int(5) DEFAULT 0,
  `chickenPox` int(5) DEFAULT 0,
  `dengueFever` int(5) DEFAULT 0,
  `diphtheria` int(5) DEFAULT 0,
  `dysentery` int(5) DEFAULT 0,
  `encephalitis` int(5) DEFAULT 0,
  `entericFever` int(5) DEFAULT 0,
  `foodPoisoning` int(5) DEFAULT 0,
  `humanRabies` int(5) DEFAULT 0,
  `leishmaniasis` int(5) DEFAULT 0,
  `leprosy` int(5) DEFAULT 0,
  `leptospirosis` int(5) DEFAULT 0,
  `malaria` int(5) DEFAULT 0,
  `neasles` int(5) DEFAULT 0,
  `meningities` int(5) DEFAULT 0,
  `mumps` int(5) DEFAULT 0,
  `neonatalTetanus` int(5) DEFAULT 0,
  `rubella` int(5) DEFAULT 0,
  `simpleConFever` int(5) DEFAULT 0,
  `tetanus` int(5) DEFAULT 0,
  `tuberculosis` int(5) DEFAULT 0,
  `typhusFever` int(5) DEFAULT 0,
  `viralHepatitis` int(5) DEFAULT 0,
  `whoopingCough` int(5) DEFAULT 0,
  `created_at` timestamp NULL DEFAULT NULL,
  `updated_at` timestamp NULL DEFAULT NULL,
  PRIMARY KEY (`h399RecordId`, `pHIRange`),
  CONSTRAINT chavakachcheris_h399_record_id FOREIGN KEY (h399RecordId) REFERENCES h399s(h399RecordId) ON UPDATE CASCADE,
  CONSTRAINT chavakachcheris_phi_range FOREIGN KEY (pHIRange) REFERENCES pHIInMOHs(pHIRange) ON UPDATE CASCADE
) ENGINE=InnoDB DEFAULT CHARSET=latin1;

CREATE TABLE `jaffnas` (
  `h399RecordId` int(11) NOT NULL,
  `pHIRange` varchar(50) NOT NULL,
  `internationallyNotifiableDiseases` int(5) DEFAULT 0,
  `acutePoliomyelitis` int(5) DEFAULT 0,
  `chickenPox` int(5) DEFAULT 0,
  `dengueFever` int(5) DEFAULT 0,
  `diphtheria` int(5) DEFAULT 0,
  `dysentery` int(5) DEFAULT 0,
  `encephalitis` int(5) DEFAULT 0,
  `entericFever` int(5) DEFAULT 0,
  `foodPoisoning` int(5) DEFAULT 0,
  `humanRabies` int(5) DEFAULT 0,
  `leishmaniasis` int(5) DEFAULT 0,
  `leprosy` int(5) DEFAULT 0,
  `leptospirosis` int(5) DEFAULT 0,
  `malaria` int(5) DEFAULT 0,
  `neasles` int(5) DEFAULT 0,
  `meningities` int(5) DEFAULT 0,
  `mumps` int(5) DEFAULT 0,
  `neonatalTetanus` int(5) DEFAULT 0,
  `rubella` int(5) DEFAULT 0,
  `simpleConFever` int(5) DEFAULT 0,
  `tetanus` int(5) DEFAULT 0,
  `tuberculosis` int(5) DEFAULT 0,
  `typhusFever` int(5) DEFAULT 0,
  `viralHepatitis` int(5) DEFAULT 0,
  `whoopingCough` int(5) DEFAULT 0,
  `created_at` timestamp NULL DEFAULT NULL,
  `updated_at` timestamp NULL DEFAULT NULL,
  PRIMARY KEY (`h399RecordId`, `pHIRange`),
  CONSTRAINT jaffnas_h399_record_id FOREIGN KEY (h399RecordId) REFERENCES h399s(h399RecordId) ON UPDATE CASCADE,
  CONSTRAINT jaffnas_phi_range FOREIGN KEY (pHIRange) REFERENCES pHIInMOHs(pHIRange) ON UPDATE CASCADE
) ENGINE=InnoDB DEFAULT CHARSET=latin1;

INSERT INTO `jaffnas` (`h399RecordId`, `pHIRange`, `internationallyNotifiableDiseases`, `acutePoliomyelitis`, `chickenPox`, `dengueFever`, `diphtheria`, `dysentery`, `encephalitis`, `entericFever`, `foodPoisoning`, `humanRabies`, `leishmaniasis`, `leprosy`, `leptospirosis`, `malaria`, `neasles`, `meningities`, `mumps`, `neonatalTetanus`, `rubella`, `simpleConFever`, `tetanus`, `tuberculosis`, `typhusFever`, `viralHepatitis`, `whoopingCough`, `created_at`, `updated_at`) VALUES
(1, 'Ariyalai', 1, 0, 0, 0, 0, 0, 0, 0, 0, 0, 0, 0, 0, 0, 0, 0, 0, 0, 0, 0, 0, 0, 0, 0, 0, '2019-01-11 09:09:25', '2019-01-11 09:09:25'),
(1, 'Bazaar_I', 0, 0, 0, 0, 0, 0, 0, 0, 0, 0, 0, 0, 0, 0, 0, 0, 0, 0, 0, 0, 0, 0, 0, 0, 0, '2019-01-11 09:09:25', '2019-01-11 09:09:25'),
(1, 'Bazaar_II', 0, 0, 0, 1, 0, 0, 0, 0, 0, 0, 0, 0, 0, 0, 0, 0, 0, 0, 0, 0, 0, 0, 0, 0, 0, '2019-01-11 09:09:25', '2019-01-11 09:09:25'),
(1, 'Columbuthurai', 0, 0, 0, 0, 0, 0, 0, 0, 0, 0, 0, 0, 0, 0, 0, 0, 0, 0, 0, 0, 0, 0, 0, 0, 0, '2019-01-11 09:09:25', '2019-01-11 09:09:25'),
(1, 'Gurunagar_I', 0, 0, 0, 0, 0, 0, 0, 0, 0, 0, 0, 0, 0, 0, 0, 0, 0, 0, 0, 0, 0, 0, 0, 0, 0, '2019-01-11 09:09:25', '2019-01-11 09:09:25'),
(1, 'Gurunagar_II', 0, 0, 0, 0, 0, 0, 0, 0, 0, 0, 0, 0, 0, 0, 0, 0, 0, 0, 0, 0, 0, 0, 0, 0, 0, '2019-01-11 09:09:25', '2019-01-11 09:09:25'),
(1, 'Vannar_Pannai', 0, 0, 0, 0, 0, 0, 0, 0, 0, 0, 0, 0, 0, 0, 0, 0, 0, 0, 0, 0, 0, 0, 0, 0, 0, '2019-01-11 09:09:25', '2019-01-11 09:09:25'),
(2, 'Ariyalai', 1, 0, 0, 0, 0, 0, 0, 0, 0, 0, 0, 0, 0, 0, 0, 0, 0, 0, 0, 0, 0, 0, 0, 0, 0, '2019-01-11 09:09:55', '2019-01-11 09:09:55'),
(2, 'Bazaar_I', 0, 0, 0, 0, 0, 0, 0, 0, 0, 0, 0, 0, 0, 0, 0, 0, 0, 0, 0, 0, 0, 0, 0, 0, 0, '2019-01-11 09:09:55', '2019-01-11 09:09:55'),
(2, 'Bazaar_II', 0, 0, 0, 1, 0, 0, 0, 0, 0, 0, 0, 0, 0, 0, 0, 0, 0, 0, 0, 0, 0, 0, 0, 0, 0, '2019-01-11 09:09:55', '2019-01-11 09:09:55'),
(2, 'Columbuthurai', 0, 0, 0, 0, 0, 0, 0, 0, 0, 0, 0, 0, 0, 0, 0, 0, 0, 0, 0, 0, 0, 0, 0, 0, 0, '2019-01-11 09:09:55', '2019-01-11 09:09:55'),
(2, 'Gurunagar_I', 0, 0, 0, 0, 0, 0, 0, 0, 0, 0, 0, 0, 0, 0, 0, 0, 0, 0, 0, 0, 0, 0, 0, 0, 0, '2019-01-11 09:09:55', '2019-01-11 09:09:55'),
(2, 'Gurunagar_II', 0, 0, 0, 0, 0, 0, 0, 0, 0, 0, 0, 0, 0, 0, 0, 0, 0, 0, 0, 0, 0, 0, 0, 0, 0, '2019-01-11 09:09:55', '2019-01-11 09:09:55'),
(2, 'Vannar_Pannai', 0, 0, 0, 0, 0, 0, 0, 0, 0, 0, 0, 0, 0, 0, 0, 0, 0, 0, 0, 0, 0, 0, 0, 0, 0, '2019-01-11 09:09:55', '2019-01-11 09:09:55');

CREATE TABLE `karaveddys` (
  `h399RecordId` int(11) NOT NULL,
  `pHIRange` varchar(50) NOT NULL,
  `internationallyNotifiableDiseases` int(5) DEFAULT 0,
  `acutePoliomyelitis` int(5) DEFAULT 0,
  `chickenPox` int(5) DEFAULT 0,
  `dengueFever` int(5) DEFAULT 0,
  `diphtheria` int(5) DEFAULT 0,
  `dysentery` int(5) DEFAULT 0,
  `encephalitis` int(5) DEFAULT 0,
  `entericFever` int(5) DEFAULT 0,
  `foodPoisoning` int(5) DEFAULT 0,
  `humanRabies` int(5) DEFAULT 0,
  `leishmaniasis` int(5) DEFAULT 0,
  `leprosy` int(5) DEFAULT 0,
  `leptospirosis` int(5) DEFAULT 0,
  `malaria` int(5) DEFAULT 0,
  `neasles` int(5) DEFAULT 0,
  `meningities` int(5) DEFAULT 0,
  `mumps` int(5) DEFAULT 0,
  `neonatalTetanus` int(5) DEFAULT 0,
  `rubella` int(5) DEFAULT 0,
  `simpleConFever` int(5) DEFAULT 0,
  `tetanus` int(5) DEFAULT 0,
  `tuberculosis` int(5) DEFAULT 0,
  `typhusFever` int(5) DEFAULT 0,
  `viralHepatitis` int(5) DEFAULT 0,
  `whoopingCough` int(5) DEFAULT 0,
  `created_at` timestamp NULL DEFAULT NULL,
  `updated_at` timestamp NULL DEFAULT NULL,
  PRIMARY KEY (`h399RecordId`, `pHIRange`),
  CONSTRAINT karaveddys_h399_record_id FOREIGN KEY (h399RecordId) REFERENCES h399s(h399RecordId) ON UPDATE CASCADE,
  CONSTRAINT karaveddys_phi_range FOREIGN KEY (pHIRange) REFERENCES pHIInMOHs(pHIRange) ON UPDATE CASCADE
) ENGINE=InnoDB DEFAULT CHARSET=latin1;

CREATE TABLE `kaytses` (
  `h399RecordId` int(11) NOT NULL,
  `pHIRange` varchar(50) NOT NULL,
  `internationallyNotifiableDiseases` int(5) DEFAULT 0,
  `acutePoliomyelitis` int(5) DEFAULT 0,
  `chickenPox` int(5) DEFAULT 0,
  `dengueFever` int(5) DEFAULT 0,
  `diphtheria` int(5) DEFAULT 0,
  `dysentery` int(5) DEFAULT 0,
  `encephalitis` int(5) DEFAULT 0,
  `entericFever` int(5) DEFAULT 0,
  `foodPoisoning` int(5) DEFAULT 0,
  `humanRabies` int(5) DEFAULT 0,
  `leishmaniasis` int(5) DEFAULT 0,
  `leprosy` int(5) DEFAULT 0,
  `leptospirosis` int(5) DEFAULT 0,
  `malaria` int(5) DEFAULT 0,
  `neasles` int(5) DEFAULT 0,
  `meningities` int(5) DEFAULT 0,
  `mumps` int(5) DEFAULT 0,
  `neonatalTetanus` int(5) DEFAULT 0,
  `rubella` int(5) DEFAULT 0,
  `simpleConFever` int(5) DEFAULT 0,
  `tetanus` int(5) DEFAULT 0,
  `tuberculosis` int(5) DEFAULT 0,
  `typhusFever` int(5) DEFAULT 0,
  `viralHepatitis` int(5) DEFAULT 0,
  `whoopingCough` int(5) DEFAULT 0,
  `created_at` timestamp NULL DEFAULT NULL,
  `updated_at` timestamp NULL DEFAULT NULL,
  PRIMARY KEY (`h399RecordId`, `pHIRange`),
  CONSTRAINT kaytses_h399_record_id FOREIGN KEY (h399RecordId) REFERENCES h399s(h399RecordId) ON UPDATE CASCADE,
  CONSTRAINT kaytses_phi_range FOREIGN KEY (pHIRange) REFERENCES pHIInMOHs(pHIRange) ON UPDATE CASCADE
) ENGINE=InnoDB DEFAULT CHARSET=latin1;

CREATE TABLE `kopays` (
  `h399RecordId` int(11) NOT NULL,
  `pHIRange` varchar(50) NOT NULL,
  `internationallyNotifiableDiseases` int(5) DEFAULT 0,
  `acutePoliomyelitis` int(5) DEFAULT 0,
  `chickenPox` int(5) DEFAULT 0,
  `dengueFever` int(5) DEFAULT 0,
  `diphtheria` int(5) DEFAULT 0,
  `dysentery` int(5) DEFAULT 0,
  `encephalitis` int(5) DEFAULT 0,
  `entericFever` int(5) DEFAULT 0,
  `foodPoisoning` int(5) DEFAULT 0,
  `humanRabies` int(5) DEFAULT 0,
  `leishmaniasis` int(5) DEFAULT 0,
  `leprosy` int(5) DEFAULT 0,
  `leptospirosis` int(5) DEFAULT 0,
  `malaria` int(5) DEFAULT 0,
  `neasles` int(5) DEFAULT 0,
  `meningities` int(5) DEFAULT 0,
  `mumps` int(5) DEFAULT 0,
  `neonatalTetanus` int(5) DEFAULT 0,
  `rubella` int(5) DEFAULT 0,
  `simpleConFever` int(5) DEFAULT 0,
  `tetanus` int(5) DEFAULT 0,
  `tuberculosis` int(5) DEFAULT 0,
  `typhusFever` int(5) DEFAULT 0,
  `viralHepatitis` int(5) DEFAULT 0,
  `whoopingCough` int(5) DEFAULT 0,
  `created_at` timestamp NULL DEFAULT NULL,
  `updated_at` timestamp NULL DEFAULT NULL,
  PRIMARY KEY (`h399RecordId`, `pHIRange`),
  CONSTRAINT kopays_h399_record_id FOREIGN KEY (h399RecordId) REFERENCES h399s(h399RecordId) ON UPDATE CASCADE,
  CONSTRAINT kopays_phi_range FOREIGN KEY (pHIRange) REFERENCES pHIInMOHs(pHIRange) ON UPDATE CASCADE
) ENGINE=InnoDB DEFAULT CHARSET=latin1;

CREATE TABLE `nallurs` (
  `h399RecordId` int(11) NOT NULL,
  `pHIRange` varchar(50) NOT NULL,
  `internationallyNotifiableDiseases` int(5) DEFAULT 0,
  `acutePoliomyelitis` int(5) DEFAULT 0,
  `chickenPox` int(5) DEFAULT 0,
  `dengueFever` int(5) DEFAULT 0,
  `diphtheria` int(5) DEFAULT 0,
  `dysentery` int(5) DEFAULT 0,
  `encephalitis` int(5) DEFAULT 0,
  `entericFever` int(5) DEFAULT 0,
  `foodPoisoning` int(5) DEFAULT 0,
  `humanRabies` int(5) DEFAULT 0,
  `leishmaniasis` int(5) DEFAULT 0,
  `leprosy` int(5) DEFAULT 0,
  `leptospirosis` int(5) DEFAULT 0,
  `malaria` int(5) DEFAULT 0,
  `neasles` int(5) DEFAULT 0,
  `meningities` int(5) DEFAULT 0,
  `mumps` int(5) DEFAULT 0,
  `neonatalTetanus` int(5) DEFAULT 0,
  `rubella` int(5) DEFAULT 0,
  `simpleConFever` int(5) DEFAULT 0,
  `tetanus` int(5) DEFAULT 0,
  `tuberculosis` int(5) DEFAULT 0,
  `typhusFever` int(5) DEFAULT 0,
  `viralHepatitis` int(5) DEFAULT 0,
  `whoopingCough` int(5) DEFAULT 0,
  `created_at` timestamp NULL DEFAULT NULL,
  `updated_at` timestamp NULL DEFAULT NULL,
  PRIMARY KEY (`h399RecordId`, `pHIRange`),
  CONSTRAINT nallurs_h399_record_id FOREIGN KEY (h399RecordId) REFERENCES h399s(h399RecordId) ON UPDATE CASCADE,
  CONSTRAINT nallurs_phi_range FOREIGN KEY (pHIRange) REFERENCES pHIInMOHs(pHIRange) ON UPDATE CASCADE
) ENGINE=InnoDB DEFAULT CHARSET=latin1;

CREATE TABLE `pointPedros` (
  `h399RecordId` int(11) NOT NULL,
  `pHIRange` varchar(50) NOT NULL,
  `internationallyNotifiableDiseases` int(5) DEFAULT 0,
  `acutePoliomyelitis` int(5) DEFAULT 0,
  `chickenPox` int(5) DEFAULT 0,
  `dengueFever` int(5) DEFAULT 0,
  `diphtheria` int(5) DEFAULT 0,
  `dysentery` int(5) DEFAULT 0,
  `encephalitis` int(5) DEFAULT 0,
  `entericFever` int(5) DEFAULT 0,
  `foodPoisoning` int(5) DEFAULT 0,
  `humanRabies` int(5) DEFAULT 0,
  `leishmaniasis` int(5) DEFAULT 0,
  `leprosy` int(5) DEFAULT 0,
  `leptospirosis` int(5) DEFAULT 0,
  `malaria` int(5) DEFAULT 0,
  `neasles` int(5) DEFAULT 0,
  `meningities` int(5) DEFAULT 0,
  `mumps` int(5) DEFAULT 0,
  `neonatalTetanus` int(5) DEFAULT 0,
  `rubella` int(5) DEFAULT 0,
  `simpleConFever` int(5) DEFAULT 0,
  `tetanus` int(5) DEFAULT 0,
  `tuberculosis` int(5) DEFAULT 0,
  `typhusFever` int(5) DEFAULT 0,
  `viralHepatitis` int(5) DEFAULT 0,
  `whoopingCough` int(5) DEFAULT 0,
  `created_at` timestamp NULL DEFAULT NULL,
  `updated_at` timestamp NULL DEFAULT NULL,
  PRIMARY KEY (`h399RecordId`, `pHIRange`),
  CONSTRAINT pointPedros_h399_record_id FOREIGN KEY (h399RecordId) REFERENCES h399s(h399RecordId) ON UPDATE CASCADE,
  CONSTRAINT pointPedros_phi_range FOREIGN KEY (pHIRange) REFERENCES pHIInMOHs(pHIRange) ON UPDATE CASCADE
) ENGINE=InnoDB DEFAULT CHARSET=latin1;

CREATE TABLE `sandilipays` (
  `h399RecordId` int(11) NOT NULL,
  `pHIRange` varchar(50) NOT NULL,
  `internationallyNotifiableDiseases` int(5) DEFAULT 0,
  `acutePoliomyelitis` int(5) DEFAULT 0,
  `chickenPox` int(5) DEFAULT 0,
  `dengueFever` int(5) DEFAULT 0,
  `diphtheria` int(5) DEFAULT 0,
  `dysentery` int(5) DEFAULT 0,
  `encephalitis` int(5) DEFAULT 0,
  `entericFever` int(5) DEFAULT 0,
  `foodPoisoning` int(5) DEFAULT 0,
  `humanRabies` int(5) DEFAULT 0,
  `leishmaniasis` int(5) DEFAULT 0,
  `leprosy` int(5) DEFAULT 0,
  `leptospirosis` int(5) DEFAULT 0,
  `malaria` int(5) DEFAULT 0,
  `neasles` int(5) DEFAULT 0,
  `meningities` int(5) DEFAULT 0,
  `mumps` int(5) DEFAULT 0,
  `neonatalTetanus` int(5) DEFAULT 0,
  `rubella` int(5) DEFAULT 0,
  `simpleConFever` int(5) DEFAULT 0,
  `tetanus` int(5) DEFAULT 0,
  `tuberculosis` int(5) DEFAULT 0,
  `typhusFever` int(5) DEFAULT 0,
  `viralHepatitis` int(5) DEFAULT 0,
  `whoopingCough` int(5) DEFAULT 0,
  `created_at` timestamp NULL DEFAULT NULL,
  `updated_at` timestamp NULL DEFAULT NULL,
  PRIMARY KEY (`h399RecordId`, `pHIRange`),
  CONSTRAINT sandilipays_h399_record_id FOREIGN KEY (h399RecordId) REFERENCES h399s(h399RecordId) ON UPDATE CASCADE,
  CONSTRAINT sandilipays_phi_range FOREIGN KEY (pHIRange) REFERENCES pHIInMOHs(pHIRange) ON UPDATE CASCADE
) ENGINE=InnoDB DEFAULT CHARSET=latin1;

CREATE TABLE `tellippalais` (
  `h399RecordId` int(11) NOT NULL,
  `pHIRange` varchar(50) NOT NULL,
  `internationallyNotifiableDiseases` int(5) DEFAULT 0,
  `acutePoliomyelitis` int(5) DEFAULT 0,
  `chickenPox` int(5) DEFAULT 0,
  `dengueFever` int(5) DEFAULT 0,
  `diphtheria` int(5) DEFAULT 0,
  `dysentery` int(5) DEFAULT 0,
  `encephalitis` int(5) DEFAULT 0,
  `entericFever` int(5) DEFAULT 0,
  `foodPoisoning` int(5) DEFAULT 0,
  `humanRabies` int(5) DEFAULT 0,
  `leishmaniasis` int(5) DEFAULT 0,
  `leprosy` int(5) DEFAULT 0,
  `leptospirosis` int(5) DEFAULT 0,
  `malaria` int(5) DEFAULT 0,
  `neasles` int(5) DEFAULT 0,
  `meningities` int(5) DEFAULT 0,
  `mumps` int(5) DEFAULT 0,
  `neonatalTetanus` int(5) DEFAULT 0,
  `rubella` int(5) DEFAULT 0,
  `simpleConFever` int(5) DEFAULT 0,
  `tetanus` int(5) DEFAULT 0,
  `tuberculosis` int(5) DEFAULT 0,
  `typhusFever` int(5) DEFAULT 0,
  `viralHepatitis` int(5) DEFAULT 0,
  `whoopingCough` int(5) DEFAULT 0,
  `created_at` timestamp NULL DEFAULT NULL,
  `updated_at` timestamp NULL DEFAULT NULL,
  PRIMARY KEY (`h399RecordId`, `pHIRange`),
  CONSTRAINT tellippalais_h399_record_id FOREIGN KEY (h399RecordId) REFERENCES h399s(h399RecordId) ON UPDATE CASCADE,
  CONSTRAINT tellippalais_phi_range FOREIGN KEY (pHIRange) REFERENCES pHIInMOHs(pHIRange) ON UPDATE CASCADE
) ENGINE=InnoDB DEFAULT CHARSET=latin1;

CREATE TABLE `uduvils` (
  `h399RecordId` int(11) NOT NULL,
  `pHIRange` varchar(50) NOT NULL,
  `internationallyNotifiableDiseases` int(5) DEFAULT 0,
  `acutePoliomyelitis` int(5) DEFAULT 0,
  `chickenPox` int(5) DEFAULT 0,
  `dengueFever` int(5) DEFAULT 0,
  `diphtheria` int(5) DEFAULT 0,
  `dysentery` int(5) DEFAULT 0,
  `encephalitis` int(5) DEFAULT 0,
  `entericFever` int(5) DEFAULT 0,
  `foodPoisoning` int(5) DEFAULT 0,
  `humanRabies` int(5) DEFAULT 0,
  `leishmaniasis` int(5) DEFAULT 0,
  `leprosy` int(5) DEFAULT 0,
  `leptospirosis` int(5) DEFAULT 0,
  `malaria` int(5) DEFAULT 0,
  `neasles` int(5) DEFAULT 0,
  `meningities` int(5) DEFAULT 0,
  `mumps` int(5) DEFAULT 0,
  `neonatalTetanus` int(5) DEFAULT 0,
  `rubella` int(5) DEFAULT 0,
  `simpleConFever` int(5) DEFAULT 0,
  `tetanus` int(5) DEFAULT 0,
  `tuberculosis` int(5) DEFAULT 0,
  `typhusFever` int(5) DEFAULT 0,
  `viralHepatitis` int(5) DEFAULT 0,
  `whoopingCough` int(5) DEFAULT 0,
  `created_at` timestamp NULL DEFAULT NULL,
  `updated_at` timestamp NULL DEFAULT NULL,
  PRIMARY KEY (`h399RecordId`, `pHIRange`),
  CONSTRAINT uduvils_h399_record_id FOREIGN KEY (h399RecordId) REFERENCES h399s(h399RecordId) ON UPDATE CASCADE,
  CONSTRAINT uduvils_phi_range FOREIGN KEY (pHIRange) REFERENCES pHIInMOHs(pHIRange) ON UPDATE CASCADE
) ENGINE=InnoDB DEFAULT CHARSET=latin1;
